EMP_NO,EMP_NAME,POS_NO,DEPT_NO,EMP_SALARY,EMP_COURSE_DATE
F20213978,김정웅,06,D006,77524357,2024-07-10
A20151050,김성호,07,D005,77485130,2019-11-10
B20223875,박아름,06,D004,83685559,2021-06-02
A20026044,손서준,03,D007,71278579,2023-03-28
V20238724,권혜진,04,D004,33168110,2021-02-05
A20213788,손영철,01,D004,55523492,2015-02-15
L20088629,이준혁,01,D005,37313063,2015-12-24
T20225841,배승민,07,D001,63984132,2015-08-25
K20085332,이정남,04,D007,45813559,2022-08-02
W20014010,이영환,05,D007,53001772,2017-04-18
W20025864,박은주,08,D003,80678773,2015-10-22
V20221808,김아름,02,D003,54441286,2018-03-29
A20172579,김민수,06,D005,72723516,2017-05-16
D20157504,류예준,02,D008,87029912,2019-07-17
Y20085191,이현지,06,D003,78674206,2020-06-05
G20126683,노영호,01,D001,98924216,2017-04-24
G20077658,장영호,08,D006,46387558,2021-01-31
N20094616,이성진,08,D005,41663324,2023-07-11
U20111911,서미숙,05,D002,56079388,2015-11-10
O20013990,박정순,02,D003,43208944,2024-10-16
A20208703,강선영,01,D005,74137492,2022-02-28
R20137777,문은영,01,D001,84750274,2023-07-27
B20052597,김준서,07,D001,49869859,2020-05-12
D20189595,송민수,03,D006,44725865,2023-09-28
D20073603,우성훈,03,D001,41833202,2021-06-23
R20157590,윤은정,05,D008,60455952,2015-12-18
F20125160,김지영,03,D001,80219926,2015-11-16
E20118201,노영순,05,D008,55266687,2021-10-01
D20183026,구영길,02,D005,47778471,2022-04-17
X20126173,김지아,07,D007,62128832,2023-10-30
D20101215,박정호,05,D006,35736525,2020-09-27
M20233032,박은지,01,D002,65873493,2020-06-14
H20199253,이윤서,05,D004,74730721,2020-12-18
J20177895,김주원,08,D007,81561714,2022-11-05
Q20124993,김은정,05,D007,54794265,2016-06-03
X20228104,최유진,08,D001,92499198,2018-07-08
G20151368,이은주,01,D007,77387268,2023-02-28
S20131657,김준호,03,D004,65249113,2015-08-21
W20091078,박성민,01,D008,69134467,2017-04-23
N20109376,최민재,02,D003,93849427,2015-09-01
G20185185,권영식,01,D006,77959903,2018-10-15
E20168055,김지원,04,D002,41774870,2019-01-02
G20018570,류예진,05,D004,30672858,2021-12-18
Z20184889,한성훈,07,D002,75867033,2016-09-03
N20113887,강영수,04,D002,38745109,2017-04-25
D20147046,이지우,07,D006,42476803,2024-02-20
K20004338,송영일,07,D007,70142327,2015-07-20
W20047860,전종수,01,D007,80871440,2014-11-17
O20145703,민영일,08,D004,51096411,2020-06-14
H20112273,문도현,07,D008,99092961,2018-03-20
C20001991,김수민,08,D002,33642091,2019-06-06
Z20027240,이경희,04,D001,54603641,2020-06-24
I20069786,이예준,07,D003,43661541,2021-06-01
G20132650,김정훈,04,D004,92340371,2017-08-02
V20119622,백예진,01,D002,56344010,2020-04-21
C20018825,유보람,06,D004,80760982,2016-12-31
X20005672,윤지현,08,D001,79283656,2019-08-26
S20004374,이순자,02,D002,60337310,2023-06-11
D20193128,이예진,04,D002,57339340,2016-04-11
H20074001,이아름,04,D004,40921655,2018-09-08
I20017476,한상철,01,D005,73899977,2019-07-17
L20191655,김영환,05,D003,39440941,2019-05-12
R20043092,김준혁,02,D006,54916677,2021-10-09
D20087759,김재현,07,D005,60042704,2018-03-28
K20113745,조경자,06,D006,54813504,2017-06-09
K20239180,이상호,02,D005,92854183,2017-04-07
Q20021927,장지후,01,D006,48559182,2016-07-11
P20222588,이미숙,01,D002,69515550,2018-03-23
I20046971,김순옥,06,D002,51667682,2019-04-07
J20123672,백서영,04,D008,99511208,2020-03-11
D20228228,이숙자,01,D001,46135409,2017-06-17
G20041976,나정남,08,D008,74475678,2015-05-01
N20058552,김보람,04,D003,98047702,2024-01-31
C20136682,이영희,04,D008,51860898,2018-05-31
G20167866,이현숙,07,D002,53116275,2019-05-02
F20179188,박우진,02,D002,68252542,2016-09-12
U20062290,강성진,05,D008,55921863,2024-05-27
C20001789,김상호,08,D005,59697018,2017-11-11
R20029176,박영식,03,D008,61296635,2014-11-21
C20034067,김민서,01,D004,70588826,2021-04-16
S20109730,심영일,06,D003,37152549,2019-05-21
O20055534,김경희,04,D007,61352039,2017-04-07
E20042124,최성훈,03,D007,33583575,2018-09-11
W20178478,권민지,07,D005,60969567,2015-10-13
H20083427,박영호,04,D005,85656851,2022-11-25
L20074269,박서준,07,D008,64046757,2023-09-05
L20146678,장지영,04,D008,67996369,2024-01-18
I20176045,이지후,01,D001,67314516,2020-06-05
P20151535,한서연,06,D002,98799296,2016-06-10
A20054144,김준영,01,D003,32727490,2021-07-27
R20161121,김서윤,04,D007,46679877,2018-03-21
O20062595,김재현,05,D003,87213985,2017-11-22
L20167312,주현준,04,D005,81420356,2021-02-16
D20105544,이민준,04,D007,71053731,2022-05-19
L20182117,남아름,08,D005,39308266,2023-07-25
Y20108990,김지은,04,D008,44718094,2023-04-27
O20044849,송지혜,05,D001,64453383,2021-12-19
H20198460,이정웅,06,D007,75915522,2020-05-15
E20233436,고영미,04,D002,78948873,2021-07-23
V20196856,김성수,06,D002,62138348,2020-11-29
M20011876,허미경,05,D001,78231260,2024-01-09
W20159114,권승민,08,D005,90679921,2017-12-22
K20063881,윤영진,08,D002,37169667,2014-12-17
F20158115,김정희,01,D007,34932597,2018-09-29
T20193400,이미경,04,D008,79744975,2016-07-12
E20014555,강예진,03,D004,64949718,2018-03-21
F20216301,최정웅,07,D006,55069058,2018-01-02
U20058409,박경수,02,D007,31924055,2022-02-12
C20234832,류정남,08,D003,91777326,2019-02-21
Y20085574,장서윤,07,D008,89649438,2017-06-18
X20018182,최서영,02,D001,91105948,2017-11-09
W20122173,박정호,08,D005,86646428,2017-03-05
L20032974,이지원,06,D002,75961360,2019-07-16
Q20114418,한승민,02,D008,75219217,2016-10-06
L20223010,오보람,01,D007,90859067,2024-02-06
P20089674,한하윤,05,D001,37749334,2020-04-02
C20057648,이종수,05,D004,77952934,2022-05-14
A20178008,최예준,07,D008,30537396,2014-12-12
D20237910,박민지,05,D004,34120603,2019-04-12
N20143045,윤채원,03,D006,69267914,2015-09-15
Q20114951,안현우,02,D008,37294529,2020-06-20
A20034858,백재호,01,D002,34216077,2019-07-18
D20054657,고영철,06,D007,89705569,2024-08-12
U20179984,김현지,01,D005,32454419,2022-09-29
P20071871,구건우,04,D003,35395541,2017-02-20
Z20004826,진경자,07,D006,34806216,2022-07-10
B20123506,최영환,05,D002,71556268,2023-11-11
E20034429,조정순,03,D005,78229433,2023-05-23
C20213323,김경희,06,D008,41549316,2024-01-20
A20019520,장현정,03,D007,37007754,2017-01-10
P20214383,유하은,02,D002,78052471,2020-05-26
J20097269,민유진,05,D006,54769156,2017-08-04
A20026590,남예준,07,D001,65676531,2015-01-22
B20136630,김서연,08,D003,47638761,2022-03-11
U20071463,김정수,07,D003,92667779,2017-06-07
V20208967,이은영,04,D004,44199972,2016-09-04
K20195615,이영희,07,D006,66706105,2022-12-06
B20186399,이지현,08,D007,87462728,2018-01-01
V20026395,이경수,08,D005,45765823,2020-01-12
S20067381,김성현,08,D001,53856072,2018-02-02
M20214716,김예은,02,D005,86926516,2018-06-22
T20094433,임상호,06,D001,85698015,2016-01-04
J20165980,구영일,06,D002,34903473,2023-12-08
S20146347,조승현,03,D007,59162706,2024-05-17
B20064148,이지우,08,D005,92822132,2015-11-20
M20077330,이현지,05,D002,98499291,2016-02-16
O20062187,구지혜,07,D007,73328253,2021-07-01
C20209508,황건우,03,D001,66968612,2019-01-01
O20088457,박우진,03,D008,93756579,2019-04-29
O20051802,이성민,02,D006,56118834,2020-01-27
Q20163461,김예지,01,D002,42429668,2019-04-13
T20135520,류영호,08,D002,62090520,2024-04-11
Q20019781,박영수,01,D003,68174430,2022-02-19
J20106835,윤영호,06,D005,53962904,2021-12-31
B20112215,김은지,05,D006,34638170,2017-06-30
S20094285,이정웅,01,D003,46649830,2021-12-14
O20012800,서영철,05,D001,73957170,2022-09-19
O20139667,이옥자,05,D004,56983895,2023-05-27
F20233242,차성민,06,D003,55568547,2021-04-20
P20104243,류보람,05,D007,85363394,2023-08-17
I20073327,이성훈,02,D002,91317098,2020-02-21
A20239946,장상현,03,D002,79447723,2019-04-24
M20056856,이지민,02,D005,96562933,2015-12-27
D20238772,정은경,08,D007,58569227,2023-02-19
F20058138,이민수,05,D005,89389485,2022-08-05
N20167193,최준영,08,D002,60226938,2024-03-18
Z20061246,송영숙,07,D005,59891986,2021-07-20
T20085367,한현숙,06,D008,66833845,2024-08-20
C20008860,김중수,01,D003,58857656,2024-02-06
A20117405,김선영,04,D002,41898852,2017-01-28
J20164247,박지원,05,D001,32080420,2023-12-24
K20173639,이채원,01,D008,93718747,2015-04-29
P20084805,전영식,07,D003,73492826,2024-05-11
L20195874,윤은지,02,D002,88046446,2015-08-16
I20021284,이정수,08,D007,89382814,2024-10-09
D20153303,강유진,02,D008,82897321,2022-01-25
J20147098,김경숙,02,D004,76754535,2024-08-25
W20017417,이정희,03,D003,31220938,2024-10-13
S20214958,김정훈,08,D008,38213397,2021-05-31
G20232455,김성현,06,D008,57889992,2015-05-18
T20212922,송윤서,08,D002,55907824,2015-06-13
N20207407,구영순,03,D008,89872087,2021-05-07
O20032246,황영환,08,D004,43241014,2015-12-06
Q20171966,김우진,05,D003,58141955,2017-07-29
O20029600,김민지,04,D002,62026887,2021-02-11
S20231200,이정순,07,D004,44095076,2016-06-11
T20049011,이준서,05,D006,69434931,2021-07-17
T20218865,이민수,07,D007,52687350,2022-12-23
F20171036,안은서,02,D005,59570542,2024-07-29
O20113056,김정훈,07,D003,61619283,2016-11-01
J20119555,최성호,07,D001,61664026,2017-08-10
F20235617,이지현,03,D007,98134284,2015-06-17
V20212750,박시우,05,D003,73429351,2020-01-23
M20152759,박예진,01,D004,73474483,2018-01-09
H20085806,황상훈,03,D004,75045664,2019-11-02
A20214479,윤보람,08,D004,66103249,2023-04-05
A20074164,백서준,01,D002,59775556,2021-02-08
O20001052,권선영,02,D008,51541368,2018-10-04
B20161145,박광수,01,D004,60906367,2024-03-13
Z20007492,최서준,08,D006,54395970,2015-12-07
A20031882,이도윤,03,D003,99582321,2023-02-16
I20032660,김지영,02,D007,50807757,2017-03-08
J20213787,박수빈,03,D005,50039822,2016-11-29
B20229754,최건우,03,D002,97659268,2018-05-10
I20152193,이도현,04,D003,91400559,2024-03-02
M20166648,곽중수,04,D006,66970887,2021-01-07
B20197211,김은주,06,D006,35076959,2022-05-01
I20174483,김수진,05,D003,88980262,2018-02-20
N20148469,서숙자,04,D005,63252033,2017-07-25
P20026244,장준영,07,D001,94109601,2020-10-05
Q20034866,박은서,04,D004,59677750,2023-03-01
V20126586,주미영,04,D002,88418100,2023-04-19
W20138311,이미경,06,D001,92453002,2020-07-16
U20077900,김상현,08,D003,76099016,2015-02-22
C20056456,장민석,02,D005,94668379,2020-01-17
A20154755,서정훈,03,D001,89137736,2020-03-21
R20107126,오민서,05,D002,49948454,2018-11-27
Z20196884,김지민,06,D006,97061047,2022-08-17
Z20215273,김민수,06,D006,63598453,2021-06-17
Y20201899,류예준,04,D003,51912288,2016-07-16
G20142670,배정희,02,D003,54321635,2024-07-23
O20093616,이미정,08,D008,38463057,2019-01-26
D20084346,김지후,08,D004,68842821,2020-09-28
I20177430,김성수,07,D008,89448285,2015-12-22
B20132836,안성민,08,D003,78153259,2020-07-13
R20176778,김영순,04,D004,86079669,2024-06-25
O20053370,김상현,03,D008,51604650,2023-03-30
T20238366,김지아,07,D008,70443707,2020-11-26
S20022991,이병철,02,D006,75789814,2017-07-06
X20131826,양옥순,05,D004,61967263,2022-09-20
K20226473,김현우,05,D007,44825274,2020-10-15
P20143256,권성훈,07,D002,75987185,2016-03-04
W20023197,김예준,07,D005,36949005,2018-09-26
L20203060,박은경,01,D003,53674005,2018-06-16
V20235372,박성훈,07,D006,87063104,2018-06-29
P20139198,박윤서,01,D006,58693445,2024-03-15
D20143641,황영일,08,D004,72571081,2019-04-01
V20167789,신윤서,07,D004,98074568,2015-04-07
K20209540,박지현,04,D005,65916687,2014-11-18
E20052114,장영철,08,D005,94080389,2018-05-11
W20085086,주시우,08,D003,90530528,2014-12-10
I20221196,최정순,07,D006,62308555,2017-02-13
Y20153928,나예진,02,D004,50489819,2020-04-06
G20125398,윤지현,03,D005,36630730,2020-05-31
C20119458,허영진,02,D003,55145515,2019-09-26
P20123199,홍서준,07,D002,72112879,2015-12-02
W20035426,윤상호,04,D004,68878277,2023-06-19
W20118704,엄지아,07,D004,86324757,2022-05-04
C20063832,황현우,04,D006,80723888,2016-10-13
U20129927,전숙자,01,D002,71209195,2023-12-06
K20235117,서지민,05,D003,60650881,2023-09-13
D20141169,오영수,05,D001,98842132,2024-09-05
A20143950,김민수,07,D007,91120096,2016-12-11
U20014423,김은지,08,D001,89876278,2020-06-28
H20063353,김서현,02,D002,33629117,2023-06-14
Y20018175,김준혁,05,D008,75346612,2019-02-10
E20153396,김중수,04,D003,34925844,2023-12-25
F20099976,장현정,03,D005,89336278,2020-07-19
I20143432,이미경,04,D001,92486688,2017-09-15
G20123725,김성훈,06,D008,71158407,2015-07-07
Z20168418,배동현,01,D004,67209319,2023-10-25
K20162515,주경수,07,D008,67389221,2014-11-21
Y20098181,김상현,07,D007,63737411,2018-10-22
V20079997,이정훈,04,D002,68871678,2023-03-08
L20212711,박현지,07,D003,39644700,2024-05-09
O20112769,김영수,06,D005,65968041,2024-01-06
A20154494,김상현,08,D004,65479190,2016-10-19
F20122840,조미정,05,D007,43203826,2024-06-21
A20128599,김서영,06,D008,86592604,2015-12-04
B20077169,박정호,06,D006,39183418,2021-01-14
A20083763,박서영,07,D001,37055603,2023-11-24
B20156739,윤우진,08,D008,83060398,2024-10-07
N20072594,민경수,01,D006,77395099,2021-04-18
W20219728,성은정,03,D004,45378362,2019-02-16
U20004701,배숙자,01,D003,38621018,2021-10-11
Y20187420,이숙자,03,D004,47778381,2015-05-28
C20201647,이진호,08,D002,75993256,2015-09-06
X20068715,서아름,06,D005,58147624,2024-06-25
G20087930,김예원,08,D007,67910507,2019-09-04
R20117370,김보람,07,D008,58643710,2017-02-05
S20015073,김성수,04,D001,62770245,2015-12-28
Y20206796,이지영,02,D003,77668114,2019-02-08
S20132039,오준영,04,D001,60643737,2020-11-27
X20204884,이시우,02,D006,85099993,2017-11-07
O20014851,김영순,06,D007,51629582,2014-12-15
W20091872,김현지,04,D007,55951648,2014-12-12
Q20023157,한민지,04,D005,67458073,2023-10-23
U20197194,엄주원,07,D006,87046969,2018-08-23
S20064886,류정수,08,D002,91102385,2022-07-30
J20116348,나정웅,02,D003,37229677,2022-03-02
G20211387,이수민,01,D005,41039316,2024-05-05
P20022912,오순자,05,D003,42325226,2020-03-15
U20201624,김순옥,02,D006,40998692,2021-03-09
I20082990,이선영,05,D002,93928260,2016-02-16
P20019563,장성수,06,D002,91052148,2019-06-12
V20194640,한재현,08,D003,42851531,2022-04-20
D20034987,손혜진,08,D001,35787939,2014-12-16
S20234537,이승민,04,D004,83294716,2023-05-10
J20218068,배영자,07,D008,93001458,2020-08-02
Q20227040,김경숙,01,D002,77955416,2015-03-16
W20107881,백혜진,06,D004,92162018,2021-08-05
W20174567,김영일,02,D007,61344356,2017-05-14
A20169716,이영호,08,D008,43318318,2019-07-28
A20159588,류진우,07,D002,58642694,2017-10-10
H20172211,강현준,01,D007,59556451,2016-05-14
S20031464,이성훈,06,D003,81877354,2020-12-27
D20127905,김옥자,02,D004,55135513,2016-04-15
S20224143,장경자,08,D007,93532636,2015-04-17
C20068898,박예지,02,D007,45273119,2024-01-03
C20177221,최진우,02,D006,87530219,2018-11-26
I20083130,박은서,02,D002,90215764,2024-02-24
P20037976,서숙자,05,D004,93271992,2021-05-14
C20031188,하서연,01,D003,74123489,2021-02-22
K20141233,김옥자,08,D006,98289174,2019-03-05
T20209696,김현지,06,D006,58592466,2015-09-30
Q20197390,박성훈,08,D005,30510269,2016-01-02
T20148082,이시우,01,D007,56563559,2016-09-09
T20178088,백도윤,02,D003,98791807,2022-03-05
O20171790,한진우,08,D008,81941747,2017-04-16
X20069795,김종수,01,D003,30736092,2017-08-30
H20143067,이시우,08,D007,39998213,2019-06-30
Y20154961,박경자,01,D007,32456947,2017-01-19
B20097557,이정호,02,D007,58162475,2020-04-23
L20025512,강지은,07,D003,86818282,2017-01-12
Q20123472,오하윤,03,D007,49640263,2015-11-11
W20234044,박준영,08,D005,37975478,2019-08-22
E20022515,이경수,02,D008,57263414,2017-08-16
B20207120,장정자,05,D001,51414558,2020-12-27
E20082424,이혜진,08,D002,47126742,2016-10-20
F20137077,류은경,08,D002,89582125,2018-08-19
O20237170,김경희,08,D001,43862866,2016-04-25
T20139334,박지현,01,D006,63792343,2018-06-24
H20073603,백현지,05,D006,66041092,2023-02-21
T20009665,김정숙,05,D001,99527005,2021-02-09
I20147474,윤하은,08,D002,88672511,2015-11-05
T20114968,이지민,03,D005,75886942,2021-09-25
X20171369,박상현,07,D001,38009596,2022-12-07
Q20154247,이현정,03,D003,85545758,2023-02-07
W20172945,남상호,02,D008,95380508,2020-06-01
S20135375,김영순,03,D001,89341555,2024-08-15
A20042117,김영일,07,D001,90529728,2017-05-08
R20069581,김윤서,06,D007,74649425,2015-04-15
P20072738,이영수,02,D001,97710109,2024-07-04
X20183868,강순옥,08,D005,35872089,2017-10-06
Q20115115,강상철,05,D008,51384740,2019-03-23
I20086403,강민준,05,D002,94295023,2024-03-22
C20092174,허현우,08,D007,91687071,2022-03-20
T20003820,이도윤,04,D003,98352621,2021-02-12
P20232473,주지민,01,D004,69141414,2019-01-27
C20017332,신서연,02,D002,93437835,2014-11-03
L20061492,류정남,01,D002,55516680,2021-06-06
B20046516,최영수,06,D002,34726835,2015-07-05
V20128026,김하윤,05,D008,44352033,2023-12-16
E20146749,서하은,01,D001,40195091,2018-04-25
U20074747,이미정,01,D001,40195681,2017-05-14
M20094689,송중수,08,D008,62828159,2024-03-19
A20061657,이성훈,04,D003,75538267,2016-01-19
P20168213,김상훈,03,D002,62427544,2023-04-05
S20125610,김영일,07,D003,84203681,2015-06-16
F20006245,김지원,02,D003,38606389,2015-01-18
Y20007499,고지우,08,D008,99785829,2018-01-09
F20033299,김영길,01,D003,51350022,2020-12-26
L20006870,김숙자,03,D001,67593047,2018-01-11
W20149963,주수민,04,D007,45359596,2023-09-06
P20005042,이준서,02,D003,96394161,2021-07-30
L20014372,김진호,07,D005,70411204,2022-01-14
N20142111,김미정,05,D001,68274867,2017-02-03
S20148404,이민석,05,D008,42485907,2020-06-15
O20042290,이민석,03,D006,54799318,2020-07-22
K20232789,김미영,01,D005,51745278,2020-06-21
V20054353,하예지,07,D007,54955778,2016-01-21
Q20064369,이수빈,07,D002,67113199,2022-11-19
U20072560,장지연,03,D006,82693503,2021-06-02
B20208696,황성진,02,D003,56562924,2016-09-07
E20129566,장채원,06,D005,67124951,2016-01-11
L20237567,이성현,05,D004,75311992,2020-01-03
U20088817,김영철,04,D006,95271068,2015-02-06
X20199284,최미경,06,D008,78073289,2017-03-20
S20022367,김예진,07,D003,69894665,2017-08-20
Z20083538,백영길,08,D006,65298320,2015-06-20
S20237829,류승민,02,D005,64898159,2018-08-26
Z20074707,박동현,01,D004,66449340,2018-07-07
U20132629,황정식,07,D003,43804597,2022-03-14
U20069974,한영자,06,D008,94839465,2019-12-22
H20116369,이경수,05,D008,59713939,2015-08-17
F20148888,윤민재,05,D007,55776182,2015-06-25
Q20218128,손승현,07,D004,72346756,2017-01-31
M20004272,이현정,03,D007,66890845,2023-10-03
F20014467,김수민,06,D003,47819962,2022-10-25
R20157710,이정희,06,D001,80619094,2015-05-26
F20133427,한도윤,08,D003,51303708,2023-03-02
Z20005691,이민재,04,D002,56501704,2018-01-17
C20185532,김정수,03,D003,45703308,2020-04-24
K20178906,하승민,06,D007,66760208,2014-12-04
Z20119110,박광수,05,D004,70467107,2019-10-09
B20053821,김민준,03,D004,92486362,2020-05-09
U20223093,이상철,01,D007,46930726,2019-10-12
D20156214,김미영,01,D008,87528557,2024-09-08
Q20181967,김하윤,07,D008,68218488,2019-04-28
I20098787,이보람,08,D002,31750521,2021-06-06
L20087710,황지우,06,D006,82351489,2021-09-22
F20069437,김주원,05,D006,62869924,2024-04-22
Y20015815,서병철,08,D005,68956081,2021-02-09
H20004140,전주원,07,D001,45218712,2016-04-21
Z20018202,이지영,04,D003,91169346,2014-10-24
P20149763,류숙자,06,D007,34755812,2016-12-15
K20119995,박정자,05,D007,90361762,2020-08-03
D20069478,김민준,05,D003,77783202,2015-02-24
W20001549,이진우,08,D004,99319781,2022-07-31
X20097213,김정식,05,D001,43025291,2017-08-29
R20077447,김지후,06,D007,98764713,2021-04-16
Q20105348,김서준,07,D007,91719834,2024-05-27
L20172903,김성현,02,D007,65419648,2017-05-07
A20113080,최수빈,02,D008,53001997,2018-10-16
E20215722,김정식,08,D001,59683268,2024-01-27
Q20065776,지성민,03,D008,95369021,2021-01-28
Q20045444,류진호,04,D002,30083460,2016-07-05
T20131107,이은지,07,D004,69177772,2015-11-29
M20107332,최하은,01,D005,58881539,2017-12-26
S20057092,심현지,03,D005,98120003,2016-11-02
T20035633,김보람,05,D003,38736796,2022-01-03
O20003525,김예지,02,D006,99509341,2019-02-16
H20183233,이지우,08,D004,96773205,2018-06-24
S20218038,박영호,03,D003,57011811,2021-08-29
S20199640,권경숙,03,D007,31212384,2024-06-06
Q20033566,강지현,08,D006,98811062,2022-12-12
E20047105,황옥순,03,D002,55185533,2022-04-18
K20101791,최주원,03,D001,31720152,2022-06-18
D20134575,문지영,02,D005,47535451,2016-06-01
Q20231798,김예준,02,D005,54859345,2020-01-21
Q20043528,김수민,04,D005,56840242,2022-07-08
Z20072006,김현지,07,D005,43403580,2019-07-10
M20122221,오순자,08,D002,79807331,2015-01-12
I20116110,이은정,08,D002,31137018,2017-12-26
Z20123472,박준혁,01,D003,54865580,2017-02-07
D20139033,손지영,07,D004,42860272,2020-05-22
B20161575,박순자,07,D001,96494730,2017-11-16
F20074627,이성진,08,D003,43143102,2021-07-31
I20232656,민미숙,03,D003,69636060,2022-01-31
O20023722,정성현,04,D003,91366877,2016-07-02
C20007317,박은서,01,D006,69828660,2024-07-25
G20221068,김민수,08,D005,97326904,2021-08-18
L20049946,이민지,07,D007,47604378,2019-04-24
K20173907,이춘자,08,D003,54053825,2014-10-28
R20142800,김예준,01,D006,52925562,2018-06-11
S20108663,김지아,07,D007,51864682,2017-01-26
X20239108,김성훈,06,D002,74407536,2022-05-20
O20157122,이승민,01,D002,80941252,2021-12-29
P20198302,장성진,01,D003,63636445,2022-11-08
E20029252,김상현,08,D007,53818959,2021-06-15
D20085779,오경자,01,D008,37793249,2020-10-15
M20098247,구민수,07,D007,75608311,2016-03-10
S20194602,오영식,04,D001,93748560,2020-03-19
J20204152,김예은,08,D005,80750640,2018-10-14
N20151251,이정숙,01,D001,97711035,2015-03-19
P20051758,최지영,08,D001,79170176,2019-12-27
X20187999,이경숙,05,D001,94337578,2024-02-21
I20064443,김지아,07,D003,84633659,2015-04-26
J20174178,이영희,01,D005,36441944,2014-11-13
X20074410,양민준,05,D004,72448950,2021-06-07
G20237677,김순옥,08,D005,88793877,2018-09-10
M20109692,송동현,06,D006,66253941,2021-03-23
G20132435,최종수,06,D005,71893631,2017-02-22
W20033934,민서영,05,D005,65517297,2016-06-30
N20232053,이준영,08,D005,76467523,2020-09-27
M20151076,김상현,01,D002,93126667,2015-04-04
J20215361,박지은,07,D001,44373300,2020-04-13
Q20072868,박지훈,04,D001,43322806,2016-12-04
K20145537,유지아,03,D004,56217342,2023-10-03
E20133758,박경숙,05,D002,80554088,2024-02-10
E20075056,김상철,07,D004,65729135,2018-05-14
G20171751,박아름,07,D006,47591083,2017-10-17
M20154220,박승민,06,D001,44122142,2017-06-26
W20108811,이상현,07,D001,30163124,2021-05-30
K20058051,최영순,02,D003,90026979,2020-07-04
U20171556,정서준,04,D004,34256000,2024-05-06
E20068640,김정호,08,D001,90843164,2024-09-11
R20114124,곽경희,03,D002,50260335,2024-10-07
K20154590,권혜진,01,D004,36256042,2019-01-06
W20223030,윤서영,04,D006,82327704,2017-06-24
A20082464,나상철,04,D005,58121697,2014-10-21
I20057257,이승현,06,D006,31634514,2019-04-21
T20096447,박정자,08,D002,95463058,2015-12-30
K20186108,김민재,06,D001,36371777,2018-11-15
S20178477,황영호,07,D002,33468179,2019-07-10
I20208891,정우진,04,D001,96396759,2018-12-29
R20075939,김도윤,06,D006,42817264,2022-11-21
U20051493,한경희,05,D006,46192858,2017-08-17
X20077291,김윤서,01,D007,79458214,2023-07-01
J20154540,김상훈,05,D002,90192537,2020-11-09
C20212452,김예진,06,D004,60726318,2021-03-23
Z20053764,박성호,05,D007,43661888,2017-04-01
H20075831,이민지,04,D005,53565075,2019-03-19
Y20015861,이숙자,04,D004,84725568,2016-06-27
F20208330,권춘자,02,D002,34816309,2022-08-12
Z20104171,김성현,06,D006,56208071,2023-05-07
Y20133764,문영호,01,D008,71289971,2020-03-19
L20031244,이동현,05,D005,39888015,2019-03-03
O20013951,김서준,06,D005,62034319,2021-10-13
N20052173,심영환,07,D005,45117695,2019-02-09
S20074891,김은지,06,D004,93471275,2023-12-10
B20032454,이정웅,06,D004,61577045,2017-02-19
L20228374,이선영,05,D008,94718174,2018-11-25
N20138116,김영희,07,D003,31864115,2022-07-14
M20058900,박정호,08,D005,48847562,2015-01-21
W20087260,배순옥,03,D001,38570850,2022-09-13
U20218682,한도윤,01,D002,32577485,2015-07-22
H20189361,강서준,07,D003,54431652,2023-01-22
Y20161910,이영호,05,D007,92027663,2023-07-18
H20158078,김우진,01,D001,67458276,2015-06-05
I20221744,최선영,07,D003,62883794,2023-04-24
Y20027860,이준서,01,D005,81260411,2015-04-21
P20077513,박현우,07,D002,74337285,2019-12-14
Q20218719,김현주,04,D007,91750578,2021-03-10
M20212634,이서윤,03,D006,69815357,2021-02-16
C20186227,김지현,01,D004,94929737,2023-08-15
P20112723,하순옥,07,D006,99325041,2015-10-22
P20164109,구도현,07,D007,74300632,2019-01-26
T20132966,허영호,05,D003,64185941,2024-06-05
J20071716,최정희,06,D002,42435080,2019-04-13
I20167385,박영미,01,D004,43652901,2014-11-19
L20217194,김현준,06,D001,68673673,2019-04-25
U20007408,박예진,08,D004,78443445,2016-04-27
A20167631,김순자,01,D007,93447890,2016-09-22
F20219207,김성민,01,D002,97335109,2024-06-02
G20237893,한성훈,05,D002,66713006,2022-10-01
B20152688,김광수,04,D004,48099344,2017-01-06
P20169921,박영철,05,D002,45295966,2024-06-09
S20108834,김선영,05,D002,93012781,2015-03-01
K20075651,김서연,06,D007,42086648,2018-09-15
Z20038278,강윤서,02,D003,49591330,2023-11-29
U20057221,윤경수,01,D002,66040456,2022-07-01
U20217121,권예지,08,D005,95805730,2019-10-20
B20098349,이하윤,03,D002,66712995,2021-06-13
F20088163,김은경,02,D008,56557401,2018-07-29
L20174347,권은지,07,D003,74096806,2020-06-10
E20161838,허예준,01,D002,82418658,2021-05-07
V20026001,박민준,04,D002,42841924,2017-04-19
V20056338,김아름,07,D007,73469695,2023-04-12
Z20037630,이성훈,04,D004,75629080,2021-04-21
R20041113,서하윤,08,D002,78971065,2024-06-18
K20137839,이아름,08,D003,93771211,2017-08-14
R20018180,이미숙,07,D008,37833295,2021-04-23
V20223253,장경수,02,D001,91319950,2022-03-02
W20114705,최미숙,06,D007,54549138,2015-07-11
L20187148,최상호,05,D006,54341491,2015-11-25
Y20085082,전보람,01,D006,75214829,2015-03-01
G20177365,김수민,05,D008,37917876,2019-11-18
D20079514,문중수,06,D007,38075410,2022-09-08
T20135065,김미영,04,D008,98778568,2017-12-27
R20178776,오준영,08,D001,60751132,2021-11-23
X20024367,박민서,07,D004,79348644,2023-03-04
U20124935,박지현,07,D002,78517092,2018-01-09
V20038605,배시우,04,D006,40952703,2014-12-04
N20138577,서순자,03,D004,55872460,2015-08-24
O20001805,전예원,01,D002,40905349,2020-09-04
N20156450,최민석,01,D004,62587962,2021-02-11
R20107047,이지훈,01,D004,46653734,2017-06-12
D20076960,강재현,06,D006,55036552,2021-03-23
H20207750,우상철,04,D008,78891943,2018-02-05
H20094854,최성진,03,D007,31666495,2015-07-25
N20033577,최재현,08,D004,56730178,2024-03-16
Z20085008,김성수,04,D004,32301641,2020-11-11
D20116261,이선영,03,D002,44669788,2020-08-25
E20188884,박동현,03,D002,94186478,2024-04-10
M20181553,김서윤,02,D006,87442125,2022-04-26
C20183709,류예진,02,D008,96418052,2018-07-04
T20232512,진민석,08,D005,90160979,2020-11-05
L20055375,유민석,03,D006,99947925,2020-11-11
J20108920,윤명자,04,D003,58912230,2017-11-01
W20239250,장영자,01,D004,65057767,2016-11-17
D20145058,권정남,01,D008,50788043,2017-01-29
Z20106341,안선영,04,D006,46519453,2023-08-19
Y20134740,김정훈,06,D006,92501179,2018-08-24
Y20198081,김지훈,01,D005,87808996,2023-09-06
U20024504,홍준혁,03,D008,47488532,2022-08-28
X20121317,안정희,04,D008,84921976,2019-05-29
A20181692,김은서,02,D004,32943583,2021-08-26
J20194018,김준서,08,D007,48398006,2021-04-02
E20172358,이하윤,02,D004,92672036,2024-08-30
A20013042,김성민,07,D001,89971199,2022-07-31
Y20128028,문은영,03,D006,38307964,2015-05-06
P20122807,최현주,04,D001,44537596,2016-08-12
X20152243,김준호,08,D005,54360011,2023-09-30
T20013721,최예진,05,D002,88598158,2015-10-29
G20119806,이지우,04,D006,36744068,2018-03-14
Y20229337,조정수,06,D003,60513711,2017-09-23
E20147267,김예준,05,D001,62771737,2022-05-23
D20229687,이아름,08,D005,45860611,2023-06-06
V20051052,한승민,03,D004,73796493,2023-08-19
A20154031,최병철,08,D001,89280082,2024-09-30
R20101874,김우진,06,D008,35023002,2019-09-01
W20021376,서현지,07,D004,38606354,2023-08-28
M20051158,김성진,06,D001,47127282,2024-07-13
F20185923,최수빈,01,D003,51958195,2019-11-11
J20016919,장진우,03,D002,83436605,2016-11-19
U20087582,김민석,05,D001,58617608,2023-03-23
B20144260,송도현,04,D005,31779935,2020-06-10
E20011147,강병철,03,D005,61471742,2019-10-29
V20184694,서민수,01,D001,79599033,2024-09-17
L20186457,김도현,07,D005,60932661,2017-09-16
R20193190,윤상호,05,D008,38449953,2018-05-05
X20157091,안성진,06,D007,44750925,2019-12-18
U20123595,유건우,05,D002,46645329,2022-01-17
X20094681,오민서,08,D001,98704551,2024-10-11
X20017222,박예은,07,D006,42105103,2016-12-26
B20053473,배영환,05,D003,76876949,2019-08-06
V20161463,홍현지,03,D008,30546769,2024-01-27
O20064333,장지민,07,D004,51206221,2022-11-16
Q20143389,곽성진,05,D002,59336479,2023-12-19
I20195189,이현우,05,D004,59136452,2017-11-14
U20158221,이수진,04,D004,48519849,2018-06-21
S20144804,최성현,08,D006,52249992,2017-02-15
V20063245,류민지,06,D005,88003516,2023-04-01
O20023320,김옥순,05,D001,30525451,2023-01-16
T20199619,류재호,07,D001,43309979,2019-11-06
P20039277,곽승현,01,D004,52412147,2019-06-27
V20043479,김민준,05,D008,61388719,2020-10-28
X20177310,나민서,03,D001,77034173,2022-10-23
Z20018319,문중수,04,D002,45524077,2019-10-10
T20024528,박수민,08,D004,67764963,2020-03-17
R20166916,이중수,05,D005,69895209,2019-04-20
J20034599,김광수,06,D006,75366566,2018-01-14
P20219885,박수진,03,D002,51936748,2020-04-01
I20134863,송예은,08,D001,55740306,2024-08-02
B20147603,이지연,05,D001,52341702,2024-03-05
N20044910,황영미,07,D007,62756677,2018-08-20
N20164492,황혜진,01,D003,59941937,2020-04-03
V20031649,이지우,03,D002,78973846,2024-06-27
M20125249,이현주,04,D001,80981701,2015-09-09
R20052021,김도윤,05,D005,40017223,2018-04-24
J20239221,안영철,06,D006,47271394,2021-02-08
I20101089,최시우,08,D007,42953810,2020-01-17
W20073111,한하은,04,D007,40021749,2018-06-12
N20123132,권지후,01,D003,53789549,2023-12-25
H20168819,김정웅,06,D005,72258391,2024-03-02
H20067821,김경수,02,D004,43447735,2020-12-20
I20102535,최서준,04,D005,82364187,2015-08-14
C20165185,윤하은,01,D004,86228268,2018-07-18
O20078085,최은정,03,D002,59498343,2020-03-26
J20125700,김미정,02,D005,58790984,2024-01-30
L20169281,박순자,06,D005,73085848,2023-11-25
F20217790,김준영,08,D006,72521811,2015-07-25
I20197989,주미정,07,D003,58610146,2018-06-02
V20228978,양영숙,08,D005,95441305,2023-12-18
R20031508,김우진,06,D003,58109577,2015-02-22
Q20234227,오예지,03,D001,32914984,2018-04-26
U20132527,정영자,08,D002,96322189,2020-03-25
G20134319,황지현,01,D005,51196712,2017-11-29
G20066180,김성민,02,D007,95566181,2021-12-01
P20139670,이미숙,02,D005,30175582,2015-02-01
I20061983,지성훈,02,D004,35535842,2017-01-18
S20086164,김미정,08,D004,49971773,2021-01-24
E20152186,최서현,05,D004,93382576,2019-02-20
T20201335,한예은,02,D001,98704708,2018-03-30
K20076246,지준서,03,D002,74700407,2022-04-11
Q20226261,이예진,06,D004,86889849,2015-09-23
W20149922,장예은,03,D001,63250361,2015-08-04
U20114052,김영철,06,D008,92924576,2021-05-15
H20109983,구현지,04,D004,74839025,2015-08-16
L20177946,윤은영,01,D001,88012478,2023-09-12
M20106532,박옥자,04,D004,45145365,2022-02-19
R20079083,이예지,04,D002,30791529,2022-09-07
U20082187,김민석,01,D003,88972254,2018-11-13
M20055529,윤현지,01,D005,61703102,2019-09-01
P20052391,김예원,04,D004,36161658,2022-06-15
D20226805,김영순,03,D008,61635041,2017-12-03
M20096863,장영식,03,D005,82319102,2020-01-21
U20007210,이재현,03,D002,84941574,2016-09-17
N20089967,안명숙,08,D007,68490238,2019-10-26
X20084589,강은주,07,D006,91782429,2021-01-09
C20153798,배경숙,06,D006,30746039,2024-03-08
P20174367,김영희,07,D005,70082471,2023-11-12
J20074904,이민재,07,D001,91514648,2022-07-24
Y20033524,남도현,07,D004,96020185,2020-07-07
W20211219,김민수,02,D002,66820366,2017-07-27
S20156841,김정훈,02,D001,57336426,2015-04-12
R20021438,이정희,01,D001,53658861,2015-01-28
B20104979,박명숙,02,D007,80801436,2021-08-09
V20091976,하미경,08,D003,39794731,2022-10-08
S20239225,이진호,04,D001,37257598,2019-02-03
O20118936,이민지,06,D006,64500659,2017-01-16
E20052183,한정희,02,D004,96163921,2020-08-16
N20143575,김은서,08,D007,99727069,2022-08-01
G20187170,허정희,05,D003,78206933,2017-11-28
N20144931,김경숙,04,D007,39575051,2023-11-17
L20089581,강정희,07,D001,67072223,2023-08-24
E20117996,김영일,04,D008,63256125,2019-03-27
Q20187996,오옥자,01,D006,98643172,2016-08-10
G20151652,이미정,03,D005,48897800,2016-02-05
V20048176,김민지,08,D003,47092287,2021-02-16
H20183746,김상현,03,D006,69069108,2024-01-10
A20197288,민경자,06,D007,76974232,2020-02-06
O20014788,김지민,03,D001,44648740,2020-11-03
Y20072804,김윤서,01,D005,90929546,2021-10-30
K20151442,최현정,08,D001,67688655,2023-12-09
X20126315,윤정숙,03,D005,96396274,2016-04-30
X20159819,김정수,03,D002,42765826,2017-02-28
V20149477,이성훈,05,D005,59283332,2015-09-01
X20007547,김영진,04,D008,86448655,2024-02-09
L20104147,최준서,07,D007,75797629,2021-11-29
Z20096758,박은영,05,D005,42646348,2024-01-29
B20151610,이종수,06,D003,80348294,2024-02-09
I20058626,차지아,03,D006,53315345,2019-09-01
I20053606,차정식,04,D007,34143631,2022-10-08
N20103986,최옥순,05,D005,54313719,2018-11-23
E20224857,지민준,01,D004,97318334,2021-04-05
O20192398,이영길,05,D001,53319051,2023-03-29
J20185783,홍지후,04,D001,73939560,2014-11-24
U20038370,김예진,07,D007,45739663,2018-09-16
W20066481,손순자,01,D004,58869856,2022-09-15
F20061281,이성수,05,D004,69834069,2017-10-12
R20028063,김종수,06,D005,81252321,2019-06-24
E20064061,김지영,08,D001,78488778,2022-08-30
R20209000,조은서,01,D007,81825849,2024-05-03
M20166901,신성호,06,D002,33303966,2024-08-11
L20027575,이하은,06,D006,96001422,2021-06-16
O20128688,조명숙,03,D003,72750009,2022-08-12
D20086211,조영길,05,D002,30589785,2022-07-17
C20126305,강성호,03,D008,48997771,2017-07-27
S20188310,엄준서,04,D002,74714776,2022-04-17
Q20127877,최영진,03,D004,91576288,2020-09-04
N20184811,손성진,08,D006,67564761,2022-03-22
O20011370,최영진,08,D002,99789587,2023-08-18
H20225759,허윤서,05,D001,64920775,2015-03-07
S20067404,김정숙,07,D008,75560188,2023-03-30
D20181476,김예진,06,D006,48185535,2022-12-01
O20239299,남현정,08,D004,96866815,2017-06-24
Y20177364,강진호,02,D002,84601360,2015-02-03
B20221043,박보람,05,D006,56986353,2023-08-10
K20075570,김은지,01,D007,76175825,2022-11-21
R20121671,안승현,05,D008,69728100,2019-01-22
D20239872,전서현,04,D003,75678430,2024-06-18
D20012565,이승현,07,D003,43010670,2015-08-26
C20015722,심아름,07,D003,36536424,2020-02-26
C20049662,최아름,02,D003,55414346,2021-01-12
N20029241,박지연,03,D005,31095829,2015-12-25
Z20231695,황상훈,04,D003,51984040,2015-03-15
V20169332,임은영,01,D006,42241347,2017-03-23
R20116829,하춘자,02,D005,81207202,2021-04-01
G20112904,김영길,02,D001,61076737,2022-05-21
U20019388,박경숙,01,D002,93194075,2021-04-02
M20088230,송춘자,04,D007,54608463,2018-06-01
G20194389,배영숙,01,D008,69663404,2017-05-19
Y20213429,권지혜,07,D006,78017753,2015-02-07
O20171726,이혜진,07,D003,41160826,2015-02-11
Y20195832,노경숙,01,D001,71242344,2024-01-02
Y20091516,성혜진,05,D004,48469935,2021-07-22
R20179238,서성현,04,D007,70743960,2015-09-21
M20174303,김광수,04,D002,60009969,2023-01-09
V20081865,오준영,06,D001,45114549,2022-08-25
L20101789,김옥순,04,D002,83701421,2022-10-17
Z20206534,김은주,05,D001,74376980,2017-02-02
L20211311,이은경,04,D007,93689948,2018-12-07
B20189259,권영길,06,D007,43394088,2023-02-22
Z20033663,나정순,08,D001,63496544,2018-11-04
C20179916,강성현,03,D002,38920937,2016-07-23
N20151974,김상철,02,D008,67204491,2019-06-18
U20116032,김지영,04,D006,78120818,2024-05-07
I20173773,서하윤,02,D003,96387944,2015-06-22
B20162908,김지원,07,D005,84941359,2024-07-08
B20019693,배숙자,04,D001,70493479,2024-03-07
C20139545,양영미,04,D003,40917000,2022-03-12
Z20144525,박경희,04,D006,87953136,2023-08-24
G20132406,최영자,08,D006,36998651,2022-11-14
C20176402,권현숙,02,D003,65561457,2018-12-08
D20218128,백영숙,02,D001,83224278,2021-08-22
M20003602,안성호,06,D001,50955968,2020-11-26
W20027389,황경수,06,D005,98691299,2024-07-05
I20171916,허준서,05,D001,72633317,2023-07-09
F20139785,김은서,04,D001,86672040,2017-03-03
J20189237,박수빈,02,D001,95868911,2017-06-23
U20037057,황재현,05,D006,88094192,2021-11-24
G20184852,박경수,07,D006,95740204,2020-03-28
X20074306,김명자,02,D007,56900019,2020-02-13
J20024955,이하윤,04,D003,66033267,2022-06-02
U20171022,최상현,02,D004,96357860,2024-03-17
H20117973,김지아,08,D001,95454631,2022-12-07
F20092634,최예지,04,D005,55772945,2023-04-11
R20172985,이상훈,06,D007,57859770,2017-11-28
Z20037519,송윤서,03,D003,37351144,2016-01-31
V20059667,윤상현,03,D006,81141987,2024-06-14
W20044876,김성현,05,D007,52464186,2024-02-02
C20118874,허현정,06,D002,31957764,2015-03-06
R20079946,김성진,03,D003,32287615,2024-02-23
B20156095,강명자,05,D003,32537999,2021-09-03
K20083775,황예원,04,D001,60537676,2018-09-17
P20053003,손영철,01,D003,92626443,2019-10-29
T20097195,김승현,06,D005,54218640,2016-01-05
G20038720,김정숙,05,D002,37029270,2021-11-20
R20016774,강경희,08,D008,39418582,2022-04-21
A20167068,권영진,05,D003,46785765,2024-08-11
M20012615,최은영,06,D001,78316400,2023-08-03
J20023393,박지우,01,D008,41804326,2023-03-18
U20125842,박건우,02,D007,47246317,2020-12-09
D20206476,문상철,06,D007,88533797,2023-11-23
C20097602,서수빈,06,D001,97001033,2018-06-23
B20113048,김은서,02,D008,73560407,2024-07-16
A20143236,김영호,01,D007,33132970,2024-07-27
P20181730,이영호,08,D006,35887707,2014-11-27
B20201862,박지혜,08,D003,53551552,2019-08-27
H20165895,김지아,01,D002,71597789,2021-02-14
O20152386,안미영,02,D007,91448389,2023-08-18
A20003322,김진우,04,D001,64041750,2017-02-25
M20103352,최하은,04,D004,65103722,2024-04-13
F20004465,백준호,01,D004,45261206,2019-04-02
A20201479,문순자,08,D008,37661681,2021-09-27
E20189574,안정호,08,D003,79378256,2021-10-25
P20187243,임현정,06,D005,39784267,2016-02-05
T20156859,이영자,02,D008,82975458,2017-07-18
I20221285,김성호,07,D006,41302249,2016-01-11
Y20199247,김성현,03,D002,35543639,2020-12-21
B20187015,진도현,08,D004,35691805,2024-03-04
P20136069,고현정,04,D004,94839338,2020-12-07
E20033403,오정자,04,D003,57256254,2016-05-21
Y20077493,이정호,04,D006,31447227,2018-10-25
H20235374,이서영,06,D002,89605772,2016-02-06
K20037343,손유진,08,D004,42304605,2015-11-14
C20017933,김은영,07,D001,81013682,2018-04-21
Q20114101,김정순,01,D003,61137604,2018-04-15
D20048891,구경희,04,D002,55320725,2020-12-31
T20001811,송예은,01,D008,46249981,2020-04-19
S20139521,박영수,02,D005,79551984,2022-12-05
Y20164013,최성훈,06,D008,69469909,2019-12-11
I20099691,박예지,08,D007,91676462,2019-10-22
P20096378,박은영,07,D007,84420769,2015-04-25
W20228812,안예진,01,D007,88638880,2018-09-15
Q20206776,김민수,07,D003,30731455,2022-11-21
C20151088,백지민,06,D005,87966354,2021-12-24
J20075512,전명숙,07,D004,76647944,2017-12-03
B20061477,이동현,04,D007,75154625,2019-12-20
L20023287,문경숙,03,D007,41927131,2020-03-18
G20072823,오선영,05,D007,83976017,2016-09-01
H20003389,김성호,04,D005,46445998,2019-05-09
F20047863,박상훈,02,D007,70374697,2016-07-28
T20145066,김영미,05,D003,90590791,2021-11-01
A20167476,손민재,04,D003,77606707,2016-02-23
R20209906,김주원,06,D008,91120365,2022-09-14
M20055173,박준혁,01,D003,37772455,2020-06-21
U20167661,이현지,05,D002,76402880,2021-09-24
K20094053,김정호,03,D008,37119520,2023-12-18
X20034053,구정웅,08,D007,54982792,2023-11-08
R20229914,김예준,07,D003,96947215,2015-12-23
Z20179412,고영숙,08,D001,58372058,2015-09-23
T20024504,김예은,04,D007,74049531,2018-12-27
E20189830,강영식,07,D004,45125496,2018-06-27
J20206110,이성호,05,D001,67480975,2019-06-29
O20209195,윤서영,03,D007,86331605,2015-06-26
R20201874,김상훈,08,D001,83532070,2023-03-12
M20097443,황종수,06,D004,78869738,2016-05-05
Q20087829,강보람,08,D005,86943960,2019-05-16
C20069965,송수진,03,D003,53589831,2015-04-14
O20065779,곽옥순,05,D005,82627944,2018-06-12
R20213736,송건우,03,D008,37909522,2021-04-30
W20073998,김옥자,07,D008,48746484,2020-07-18
N20074195,박영순,02,D002,64067674,2022-09-21
L20159079,전예은,06,D001,47801930,2017-05-28
L20114778,이정숙,07,D004,47385556,2021-02-03
P20046598,이명자,07,D002,98809023,2020-08-07
E20093789,최옥순,02,D003,35226215,2015-05-02
Y20079876,윤건우,07,D008,94850272,2021-08-01
S20041982,박예지,04,D002,99818790,2017-01-15
E20092340,박상훈,02,D007,64203070,2019-08-01
A20137921,박순자,04,D008,61484845,2022-06-06
D20051265,이서연,08,D007,88139409,2015-03-11
T20016987,박미숙,06,D005,52958076,2023-02-19
Q20013432,김시우,08,D004,58325228,2015-05-09
V20132793,박미숙,04,D004,89103510,2017-04-06
G20049063,김하윤,03,D002,81494419,2021-02-21
Z20077389,최수민,06,D002,31192552,2016-09-02
H20156691,최정순,02,D004,87086917,2015-11-28
Z20057672,이은정,04,D006,67442585,2023-09-07
E20214383,이예준,05,D006,34111308,2022-08-31
D20233668,최상현,05,D006,95657900,2016-08-30
I20188169,이영순,04,D005,49541474,2017-04-13
J20062516,김순자,06,D004,94730775,2023-05-27
J20184295,손지영,07,D007,51155424,2021-03-24
R20041453,김민수,01,D008,40925966,2022-08-19
D20189546,박영순,03,D004,70560019,2015-09-24
H20004580,김승민,04,D001,91758906,2022-08-04
I20023736,지현우,03,D004,38525644,2023-09-03
W20012173,박성진,04,D007,41828019,2021-11-10
V20176883,박수진,04,D003,48684682,2017-11-16
T20233038,김서윤,01,D005,88096642,2018-09-03
R20177000,고옥자,06,D006,40031898,2022-11-21
D20191529,류지후,08,D006,57415444,2022-04-26
F20233702,이재호,07,D008,41375489,2022-06-09
I20233045,김정수,07,D005,51764218,2023-04-03
V20042521,장지혜,03,D005,98724861,2020-07-13
T20008922,박민석,02,D005,69706792,2020-10-15
Y20054828,김중수,04,D006,41571536,2021-11-12
T20212097,김상현,06,D006,73419202,2020-03-07
A20033946,이경희,04,D001,77372876,2019-07-03
S20015518,권경수,06,D007,59290346,2023-01-17
J20152810,서지민,05,D004,86974672,2024-01-30
S20007671,안보람,04,D001,70810054,2015-04-28
U20226061,김서윤,07,D001,32242779,2017-12-07
C20102908,주지연,01,D008,46429572,2023-04-29
I20032750,김예원,08,D002,91224377,2022-04-27
I20049483,이승민,01,D005,59911391,2021-05-29
P20238640,양순자,06,D008,96195453,2017-08-12
B20115669,박도현,01,D004,67922832,2018-11-12
K20176758,최순옥,01,D001,74136397,2022-12-22
R20003676,김종수,05,D006,89580098,2019-01-03
C20043462,임병철,01,D006,74514714,2017-02-05
C20027281,김성수,02,D008,90314962,2017-04-05
Q20185205,차영미,01,D002,63426389,2017-02-11
G20185394,이진우,04,D005,67859414,2016-06-11
Q20062477,김민석,04,D006,54322822,2020-01-18
T20233525,김병철,06,D007,32703476,2016-11-29
A20092696,이아름,08,D002,52470955,2015-10-10
O20019729,박민서,02,D003,60282604,2016-06-23
J20199004,김예원,04,D001,48589426,2018-08-11
H20198995,이민준,05,D003,75913804,2022-09-05
Q20119457,김준서,01,D006,60373029,2022-05-23
I20192359,오옥순,06,D007,39908428,2017-06-24
L20146053,박서윤,02,D003,86514568,2022-02-06
B20045926,허영환,01,D002,60174189,2017-08-28
B20182966,한지연,02,D006,68877627,2016-02-03
D20079487,이서현,01,D005,34615025,2016-09-30
B20083228,박정식,05,D007,88213569,2016-06-16
B20145249,김예준,03,D004,97792373,2018-02-12
M20145878,최수진,04,D001,34819262,2019-06-30
J20091467,하민재,07,D002,63366667,2018-03-08
S20211776,김영길,03,D006,83112775,2015-06-06
I20017823,김민수,06,D008,68848170,2018-02-15
I20204006,류옥순,06,D007,43943399,2017-06-21
I20095813,이영자,02,D003,95784646,2019-06-25
W20059600,김지현,03,D007,71910078,2017-06-13
A20213505,우하은,05,D001,92247278,2015-10-31
I20074934,강정희,06,D001,30395700,2018-08-17
S20068620,이재호,02,D006,96216502,2019-10-19
N20086130,김병철,05,D001,87333348,2020-01-26
L20155172,이민서,07,D005,68888823,2017-09-24
M20029121,박예은,06,D006,77697626,2021-07-01
P20004245,백정식,06,D008,61189128,2023-12-22
T20115158,고민재,06,D001,93845425,2023-02-24
N20014792,신상호,02,D003,78208060,2021-07-23
E20168662,정광수,06,D006,68854583,2022-12-19
M20072805,고서현,02,D003,49696593,2022-07-21
N20085359,최은지,02,D004,73990468,2024-09-01
V20218556,김정호,05,D006,81414357,2023-04-27
H20016355,고예은,05,D004,85177781,2020-12-03
I20071100,이민수,07,D006,67460835,2024-05-24
D20053774,박지현,02,D002,79908488,2023-02-22
X20041014,주지후,05,D008,44251564,2018-01-31
E20002383,성혜진,03,D001,66956533,2023-11-30
Y20183813,김은경,02,D005,64494951,2022-04-03
P20018380,김건우,08,D003,64106014,2019-10-15
P20059562,송지아,03,D003,80407040,2020-08-25
T20118975,이은주,06,D002,74914673,2020-03-29
T20041061,이현우,01,D008,86216625,2023-07-23
M20026200,이은경,05,D008,44366790,2022-07-14
A20042204,박중수,03,D005,50252600,2019-07-26
L20047990,서윤서,06,D003,97265488,2022-01-11
E20061198,김옥순,08,D008,98983147,2021-11-09
M20202029,이정식,07,D002,88804803,2020-02-25
C20191914,김성수,05,D002,69848579,2020-12-31
D20221775,최아름,06,D001,39041659,2016-08-06
V20054113,최영환,06,D004,96467019,2020-04-18
R20188334,윤혜진,05,D003,87133124,2024-09-30
X20198085,차지연,08,D004,55389295,2021-12-31
K20217364,최정웅,01,D007,50390975,2019-01-29
J20121435,김상호,02,D004,35154169,2020-08-19
X20028079,문정자,07,D006,70708100,2015-09-23
P20143995,황영수,08,D004,99843166,2024-01-14
Q20094704,김정순,01,D005,75355123,2024-01-03
E20191391,윤정숙,06,D005,52205830,2023-11-21
Q20036844,김순옥,07,D002,54865146,2022-07-28
J20231625,이종수,02,D002,39967202,2018-07-01
H20126860,문정수,08,D008,88322438,2021-12-20
S20156904,주경희,03,D006,38701409,2019-08-25
W20185597,이중수,05,D004,77960966,2015-06-20
A20229829,최정수,05,D004,76434920,2015-09-23
H20207756,장진우,02,D002,41842546,2020-06-29
D20082685,이미경,01,D003,42167935,2022-02-14
J20007922,윤정수,06,D001,34435094,2017-04-15
D20074509,김민수,07,D004,81384856,2017-09-12
S20191724,윤영철,08,D006,92014451,2019-12-12
T20178307,이예준,03,D007,44747183,2017-10-11
R20231938,이은서,01,D005,67636904,2024-10-04
W20059885,박정숙,05,D008,65215194,2016-06-15
U20197218,이준서,05,D007,90888005,2018-01-19
S20119952,손옥자,03,D005,36953714,2021-01-26
R20152258,김지혜,02,D008,52784665,2021-08-27
V20075461,박상철,03,D006,45288699,2019-12-10
I20066629,박은정,08,D003,94939830,2019-04-16
D20203612,최승민,03,D006,94146849,2019-03-30
L20093875,김민준,07,D004,94242591,2019-08-15
O20095344,이정호,07,D006,90419948,2017-09-03
Q20127961,김지영,01,D007,43285589,2014-12-13
M20211518,박상철,03,D004,71153168,2019-01-29
K20028648,김미숙,06,D001,90050385,2020-01-23
U20038355,김성훈,07,D003,86187916,2020-12-11
U20006791,박종수,03,D003,43962158,2019-01-01
S20112862,배지원,03,D005,40050225,2020-03-02
W20237554,나지원,02,D005,43012054,2021-02-07
Z20103983,전정웅,03,D002,93305426,2020-05-27
Y20077547,오민석,08,D001,31508293,2015-05-13
A20215495,박성진,05,D008,65909252,2016-08-11
P20132387,양영미,01,D003,42641745,2022-04-14
F20051546,서성수,02,D006,58583839,2015-03-03
Q20098374,박영순,07,D002,81571393,2021-04-05
U20036387,박은영,01,D007,71498820,2021-03-31
J20027324,김경숙,04,D002,82403614,2022-01-06
B20171715,권영길,08,D003,75762583,2022-01-22
I20158278,김주원,05,D005,63405330,2015-06-12
B20145977,이은서,01,D007,87180387,2020-08-25
O20028664,안예진,07,D002,66578682,2019-03-18
F20236956,김도현,05,D007,83241411,2022-04-15
P20162782,안지원,08,D003,36954021,2020-08-06
G20051742,한정희,08,D001,45782882,2023-04-21
Z20069290,이진우,04,D002,49063615,2019-08-29
T20151938,송혜진,01,D001,79571517,2019-10-19
D20106630,김주원,06,D002,64393251,2018-01-03
F20146877,김현주,08,D001,51577006,2017-02-20
V20025494,홍경숙,06,D007,97757862,2024-07-08
D20194364,김지연,03,D001,38188269,2018-06-29
V20222370,이숙자,01,D002,77472650,2021-01-11
W20046461,이영호,01,D008,41395037,2023-08-18
B20143352,박민준,04,D005,44170349,2024-02-06
A20171079,임춘자,01,D004,87667564,2024-04-29
T20181652,권경자,06,D008,34981316,2021-11-30
O20047739,박정자,01,D001,55714352,2019-03-14
I20139745,황명자,05,D001,89014618,2014-10-22
X20036447,백예진,04,D003,73871593,2018-11-16
B20237199,홍경희,02,D003,49929891,2019-03-15
D20183119,최중수,02,D004,43657779,2015-12-07
U20059486,이민석,07,D001,37000750,2021-11-25
W20146190,이도현,04,D001,52899332,2018-07-21
A20148977,이순옥,07,D008,31220080,2015-08-13
W20093256,최은정,02,D007,51926560,2022-09-23
K20035295,이민수,08,D005,34996124,2015-11-27
R20231767,최종수,03,D003,37832979,2023-07-03
C20008158,양예은,02,D002,30078560,2023-08-09
F20235811,김은경,03,D008,83158920,2023-01-09
O20148339,최영환,08,D002,36920010,2019-10-25
S20153792,윤서현,07,D003,99242609,2022-03-04
H20178857,김서준,07,D002,36824368,2015-09-23
R20114432,최성훈,08,D004,56664150,2015-07-10
U20112127,김지아,01,D007,98442142,2022-10-16
S20022430,김성훈,06,D008,40971202,2015-08-01
P20103250,박진호,07,D004,47925232,2018-04-20
V20181335,김준서,05,D007,84269771,2022-04-02
A20081390,이경숙,06,D008,34076930,2020-12-28
K20049391,박아름,03,D008,84345949,2022-01-01
I20187236,김준호,02,D007,92109894,2015-01-21
D20068431,박성호,04,D003,66518246,2019-04-26
P20186681,장민지,02,D005,40228053,2023-05-30
L20113741,김정수,06,D003,30444485,2020-05-29
J20177942,이혜진,08,D001,63428487,2021-12-15
B20147626,김경희,06,D001,37032949,2017-04-01
J20238317,정승민,05,D004,73015016,2021-07-03
I20172550,조예준,02,D008,36860968,2023-05-19
L20062375,김지훈,06,D004,53337129,2020-01-18
M20203375,이미영,04,D005,58755567,2020-04-10
J20226724,황현우,02,D007,73313528,2016-03-02
F20158560,이영철,07,D001,36953967,2016-01-15
Q20119930,김명숙,08,D005,98266405,2017-10-16
E20095484,박지민,08,D005,81557225,2017-04-30
Y20129405,조주원,03,D008,65689068,2018-11-09
Y20174496,박성현,05,D006,90296229,2019-12-05
G20145765,오영수,01,D008,99526887,2020-09-02
N20024693,황성호,02,D001,46952518,2021-11-26
M20043325,김정훈,01,D005,42528206,2021-04-05
C20201141,성준영,03,D007,63951941,2014-12-13
X20111051,김서현,04,D005,84701471,2019-02-19
E20219220,임현주,01,D005,56196710,2018-03-26
V20031592,안정식,06,D004,34551248,2017-01-29
S20015193,강서현,07,D001,99916990,2023-09-25
P20003547,안정호,02,D003,36180982,2020-08-20
E20146960,권지후,03,D003,53457023,2017-04-21
R20071979,김중수,03,D003,76105653,2021-07-19
J20101986,양민준,04,D002,66301560,2024-10-05
A20169142,양예진,01,D008,30100603,2024-05-13
N20237826,허정수,07,D003,31513594,2024-08-15
W20052534,이상현,08,D001,40107924,2023-04-13
T20219719,박현주,03,D002,68959609,2021-04-04
T20081525,이예은,07,D004,41003488,2023-01-20
K20096621,문성현,08,D001,52248128,2019-06-16
J20082133,박민석,06,D007,51243539,2020-08-21
L20106280,김승민,05,D007,62966311,2018-06-29
N20051227,이준호,04,D003,71344256,2019-01-09
G20061523,이지훈,04,D002,67936088,2023-11-22
S20234380,이은지,06,D005,91195463,2022-03-21
J20034618,김진우,06,D002,82579162,2022-08-31
L20028098,박예지,02,D006,48098437,2021-06-21
C20068581,장수빈,05,D006,60889702,2018-04-01
V20116780,이은정,06,D003,89647421,2018-10-26
K20134205,권정순,08,D001,97936082,2023-02-06
F20058831,김혜진,08,D001,57265881,2023-03-31
O20178066,허순옥,03,D002,73154856,2014-11-21
I20197293,고은영,03,D001,65943024,2021-10-02
J20224713,이승현,05,D002,97511097,2023-06-29
M20106418,문미경,06,D004,84265938,2020-01-23
W20024063,박재현,02,D004,99483030,2024-10-12
Q20196224,이정수,08,D006,76211289,2021-11-02
T20204531,박예지,03,D002,87323687,2016-06-04
L20039657,최경희,02,D001,86901377,2019-05-02
L20063941,박주원,02,D001,42696172,2023-02-13
H20221321,김명숙,01,D004,86622801,2022-01-11
C20097620,이예은,05,D002,71887517,2015-01-26
V20079112,이경자,07,D005,44030971,2022-09-19
V20142715,문도윤,07,D005,43588783,2016-08-05
S20232607,김영호,04,D006,42133467,2024-09-13
F20198942,안영식,03,D002,31138565,2017-05-07
I20185822,오수민,02,D007,56727045,2022-08-04
A20045319,최수민,01,D006,82435212,2016-07-13
L20028073,구지아,02,D003,46807086,2017-09-17
W20152030,김준서,06,D002,50331406,2017-07-27
X20229515,이하윤,02,D006,70634592,2021-04-13
D20174105,김지혜,01,D002,53636733,2016-05-31
U20179948,김은주,01,D005,95544974,2022-12-12
R20156895,송상호,01,D005,92577575,2017-08-25
R20048832,이영일,05,D006,78159588,2022-02-06
D20014547,이명숙,06,D003,64515261,2015-10-31
D20032696,한은정,07,D002,42263870,2015-10-24
N20062972,윤영자,06,D007,33054282,2023-05-26
O20002080,안서윤,07,D006,42405917,2023-12-18
X20003605,류재호,04,D001,91245607,2017-01-24
H20023510,이미영,05,D004,71476678,2019-01-07
T20093747,황현지,04,D005,82854635,2016-09-19
C20154026,김영희,07,D008,73129902,2016-02-28
M20209732,이예원,08,D004,47474513,2022-04-14
P20101847,이서준,07,D006,33126100,2021-12-07
I20213040,김지현,05,D001,60167575,2016-10-02
T20233697,김은지,02,D006,81602256,2016-04-23
N20069778,권성진,01,D005,76421834,2015-05-19
J20211276,박은경,03,D001,95019778,2020-06-18
T20117822,최지현,02,D005,37747561,2016-08-25
I20175624,김숙자,03,D007,93307805,2021-04-17
A20127250,박하윤,05,D005,43881943,2021-11-12
E20139809,임정숙,05,D005,73976624,2016-02-02
Q20131748,김은지,02,D008,74094990,2018-02-17
G20055397,이수빈,08,D003,81131074,2016-10-08
R20119196,최정식,07,D007,63228352,2015-06-03
X20224560,손현준,03,D007,96835370,2019-04-08
O20015989,장건우,04,D007,78662917,2019-10-05
A20191180,이영철,04,D004,61775318,2023-03-22
N20193156,김순자,07,D004,76702563,2016-06-29
N20215528,최경희,01,D008,32941837,2023-05-30
D20197989,박수빈,07,D002,51759001,2020-03-15
Y20103984,김예원,05,D001,53196805,2023-02-08
B20213876,이지원,06,D004,36555960,2020-10-16
Z20054181,이혜진,06,D005,57610043,2015-11-05
R20199888,오현숙,05,D003,75378814,2021-11-30
R20203563,김지민,08,D007,49367229,2021-07-27
I20075623,최정식,05,D002,37093795,2015-12-21
H20068955,김서윤,08,D005,56493801,2016-01-23
U20129478,박민서,01,D001,40519925,2020-10-26
Z20227261,김지민,06,D002,77053850,2018-10-30
G20062392,박영자,04,D005,96788204,2020-08-19
U20014870,김영호,04,D004,51860174,2016-03-30
T20075055,이재현,07,D003,45485793,2017-05-20
W20161616,손현준,08,D004,41904311,2015-11-26
L20097466,남정훈,06,D005,91667317,2024-03-30
C20202248,이준영,06,D008,97760434,2024-09-03
I20022725,민하은,08,D006,77137999,2017-10-23
O20064421,손영식,02,D005,89719949,2020-10-05
I20194314,홍우진,05,D002,42317522,2023-11-15
H20152258,류지민,02,D006,39344714,2015-01-15
T20123089,이민석,03,D003,30536458,2019-02-20
I20027701,이서준,06,D002,33332177,2022-02-05
B20163454,김미숙,01,D005,33997939,2018-08-01
I20131017,이민지,07,D002,38812430,2023-09-24
T20181435,김아름,07,D008,98664640,2024-02-12
N20133745,장옥자,02,D001,99231688,2020-08-04
E20094667,양예은,02,D001,80411393,2015-09-14
D20125164,이윤서,08,D008,39712663,2019-02-11
E20022162,차준영,02,D007,70801321,2014-12-07
U20034773,서영일,01,D008,81424498,2020-05-17
O20111365,김순옥,08,D002,30011783,2024-10-06
N20164354,김민수,04,D005,76032131,2017-04-18
Q20147992,김성훈,06,D005,58564152,2020-01-25
R20097347,유지연,08,D004,88279115,2023-02-25
R20101413,강서현,05,D003,65746504,2015-02-07
H20155463,김정식,01,D003,39641275,2022-06-21
S20023924,임동현,03,D008,95775671,2017-04-09
R20126908,김병철,06,D004,93339110,2016-06-30
W20027280,이서윤,01,D008,34453134,2020-11-30
S20023802,윤정식,01,D002,49272625,2022-06-23
T20101115,이성현,01,D004,40380429,2021-07-15
A20055763,김도윤,06,D003,90863371,2015-03-16
Q20195060,이중수,04,D003,59218098,2016-11-15
M20218112,김정남,03,D005,83725066,2022-01-05
H20189304,이예원,04,D002,95943616,2019-05-11
J20098245,김성수,04,D008,58037731,2016-06-14
I20185898,박보람,06,D007,56703747,2020-08-29
X20055032,이승현,04,D004,50235260,2017-03-09
Z20051638,차재현,06,D008,32743594,2015-09-25
C20078028,차상호,03,D001,51192235,2015-05-30
N20203845,이도윤,04,D006,45250748,2021-05-19
S20131183,이서영,08,D007,65590789,2016-08-13
L20037398,김채원,05,D003,70194101,2022-10-17
C20118439,김영호,08,D004,48907578,2024-01-07
N20057649,박현숙,05,D004,50309237,2023-08-01
J20114370,이예원,02,D008,69359799,2018-08-24
B20038814,신성현,08,D004,38681614,2020-09-19
L20018853,손종수,02,D008,41992145,2019-07-31
V20089175,민예원,04,D004,91810472,2016-08-18
I20045633,이순옥,05,D008,78661545,2015-11-16
H20056586,김은주,01,D006,74470165,2024-06-04
O20105311,윤광수,08,D002,38222296,2018-02-18
V20235681,장미경,04,D004,82242551,2018-09-29
N20059788,이영진,07,D006,35900750,2016-08-19
E20221702,김경자,06,D003,87408807,2015-07-13
I20186276,조예준,01,D003,61056515,2018-07-30
Z20058248,최민서,06,D001,67341894,2017-12-16
N20191107,박정호,04,D002,74734624,2022-11-14
U20146180,김지원,06,D001,30174732,2024-08-16
T20142930,이영자,03,D006,38953285,2022-01-29
P20169157,이중수,02,D008,87828427,2020-05-31
Q20225618,김정웅,07,D003,32956089,2016-08-24
V20077119,윤춘자,01,D005,46339145,2020-09-12
P20143703,이경숙,07,D007,98245538,2020-11-09
N20152342,손서영,06,D003,65209019,2018-03-19
S20214491,김영숙,01,D002,69889172,2015-07-08
I20091440,지중수,06,D003,86567811,2018-06-21
Q20056774,이은영,07,D008,78605889,2015-06-21
D20134234,이성진,04,D004,80069013,2015-09-27
T20083752,박정식,06,D005,40173679,2018-09-28
N20226805,이춘자,04,D006,85890831,2021-06-10
H20176611,장정자,02,D004,92861612,2017-07-14
Z20015710,이옥자,06,D003,89210030,2016-06-11
G20157384,최은지,02,D001,45934704,2019-11-09
T20004045,이정수,06,D002,65163565,2019-03-03
S20183561,남정호,05,D006,38670679,2018-09-27
P20068375,배순옥,05,D003,49109420,2015-09-05
J20186326,강정훈,04,D002,93825515,2017-05-02
D20134754,권현주,05,D007,53851113,2016-02-05
W20217378,장상호,04,D006,70428108,2016-02-15
K20134141,민경희,08,D006,66144284,2023-10-21
N20057395,최보람,04,D004,72543191,2023-08-24
F20148964,김옥자,03,D008,30725013,2016-03-26
F20107685,윤은정,06,D005,85828933,2022-03-22
C20165208,황정식,04,D004,59174213,2024-04-07
F20123946,김순자,01,D005,59848036,2023-08-17
X20135380,김지민,08,D006,91408945,2015-03-02
V20048148,이서영,07,D006,92220099,2022-03-18
R20216961,최시우,07,D005,49288819,2018-06-10
K20173311,김지은,04,D002,97705435,2024-05-05
O20116777,손서윤,06,D005,98226240,2024-05-07
Y20048255,문민재,05,D007,64167527,2023-07-27
D20191157,김지연,08,D008,90884069,2017-11-10
Y20183824,이지우,06,D007,68121529,2022-11-23
H20001038,권영호,06,D001,59024432,2014-12-12
O20149874,김영미,02,D004,86728115,2015-10-24
J20075611,이예준,04,D007,83072862,2017-01-04
R20028683,이지원,01,D002,70965905,2018-09-09
W20213109,윤경희,05,D003,56526382,2019-01-28
F20038621,김준호,02,D007,87151336,2024-02-13
K20127635,류춘자,02,D001,42219200,2019-03-07
R20222971,윤중수,08,D005,33314206,2015-08-08
H20209310,최진호,01,D002,87444370,2019-09-27
X20195287,이정호,06,D008,30191735,2016-05-28
G20129288,장서영,06,D008,44407071,2019-04-18
F20232220,이준호,01,D008,58825521,2015-05-20
R20089030,서성진,03,D006,56543969,2014-11-25
M20235437,윤현우,04,D006,78014402,2022-07-23
F20217758,신준서,05,D007,45762770,2017-02-17
T20058241,김정숙,05,D005,56027334,2021-09-04
Y20183603,김은영,04,D008,60440149,2024-02-18
H20225596,박서현,04,D001,92591087,2018-06-22
I20092778,허명숙,05,D008,60114856,2017-04-15
N20025786,김민석,07,D002,97779857,2016-01-09
U20197188,엄은영,08,D007,68780672,2017-02-24
T20185031,이정식,06,D004,39787085,2021-09-07
T20028879,이중수,03,D006,75156128,2022-03-01
B20158728,이은주,02,D007,96502640,2021-11-19
A20096571,나지연,02,D006,87386343,2019-08-23
Q20116056,강현주,06,D007,60505609,2019-05-12
H20166277,이경희,03,D005,71105920,2020-07-16
K20108400,최정숙,05,D004,33492188,2019-08-28
E20235522,한종수,01,D006,99235616,2017-10-31
N20188924,박현주,04,D005,62080761,2023-09-23
J20196528,문성진,05,D004,90750724,2019-11-10
W20135006,강광수,05,D005,65057316,2015-08-31
F20126818,박성수,03,D007,84543531,2023-08-23
C20043840,김아름,06,D004,45372983,2024-02-08
C20085677,노서준,04,D008,81061844,2024-04-27
A20143167,조경숙,03,D007,45204985,2021-09-12
O20024159,이지아,03,D007,79172267,2024-07-17
A20162183,문미경,01,D001,86180758,2015-01-03
S20209027,이정웅,01,D006,48355076,2019-12-28
I20223560,권상호,05,D008,42297626,2023-03-11
X20128738,이영숙,04,D001,30696573,2015-01-24
T20037908,김수민,04,D007,34048741,2015-02-04
U20106737,김광수,01,D001,85284253,2023-08-26
N20151817,문지후,04,D003,87990623,2020-08-16
Q20112869,김지혜,08,D005,66791920,2023-09-15
V20145349,박윤서,07,D003,94569572,2021-08-14
F20162400,이동현,08,D001,55026458,2020-04-07
L20175080,안성진,02,D002,94007818,2014-12-10
Q20224543,양하윤,06,D001,74187072,2022-06-24
C20167756,이상호,01,D003,54873113,2021-06-16
O20107625,문성수,07,D008,83274713,2016-10-24
J20177738,류진호,02,D001,86120292,2017-04-23
Z20063695,이아름,03,D001,58256453,2023-05-04
S20148870,배영호,04,D005,99159934,2018-04-01
K20192030,나영호,02,D007,98115547,2020-08-02
Q20201219,황경숙,06,D006,75664726,2017-08-12
T20122728,장서영,08,D004,88295587,2017-03-25
I20125206,김선영,04,D008,44090694,2021-05-20
L20063189,김은주,01,D003,74286812,2014-12-17
G20182906,김수빈,08,D002,81225867,2019-05-30
P20105853,박채원,05,D004,76152993,2018-04-08
K20151560,주춘자,07,D005,51492888,2020-12-13
H20013796,박순옥,03,D001,33263007,2015-02-25
N20097447,권시우,08,D003,81727450,2018-02-19
H20231088,김은영,01,D008,87347288,2024-08-04
P20159498,권성수,06,D006,60074894,2020-05-20
Q20177700,한미숙,08,D004,94965557,2015-06-12
W20042794,이시우,05,D002,94830273,2018-10-31
R20041121,김미영,08,D008,85960420,2022-05-19
G20094297,윤정자,07,D006,78394690,2023-05-02
C20038888,권미영,06,D008,54940127,2019-11-19
K20218831,류영희,01,D006,30309353,2024-06-11
Z20151538,김선영,02,D001,64905127,2017-11-24
O20112721,김도윤,02,D004,45440107,2022-10-22
E20032087,이성호,07,D005,73204210,2016-11-04
Z20027193,하지은,04,D001,42619505,2015-08-07
M20236337,송진우,07,D006,98358468,2023-10-09
B20176728,신상훈,06,D001,80630086,2018-10-06
Y20137699,박예은,03,D001,66191425,2015-07-30
Y20202279,최지혜,05,D008,52956876,2018-02-25
G20185619,윤상현,03,D005,87016446,2019-11-20
G20128844,최은서,04,D007,88217362,2022-05-23
S20064260,장영호,08,D005,44054681,2017-03-21
E20089502,홍영일,02,D007,31595696,2019-03-29
H20139556,이준서,05,D008,38716743,2019-05-10
R20004925,김옥자,07,D001,67086030,2019-11-24
E20138431,한정희,03,D002,58500537,2016-05-02
U20021258,김보람,06,D003,46164969,2020-03-25
E20003436,문영진,04,D003,61776160,2024-09-19
H20107793,배은영,01,D004,97455232,2021-03-02
Z20076661,이서영,03,D003,65722546,2023-03-11
T20095557,안영수,07,D008,93603866,2016-06-07
T20191361,이성민,03,D007,33807422,2024-04-14
R20149048,이수빈,02,D002,40442556,2021-01-31
G20227427,김옥순,02,D005,50560417,2017-02-05
P20075532,강명자,07,D005,86513325,2024-07-06
V20148651,백지후,03,D005,66833269,2018-04-15
C20032878,이은경,05,D008,97036453,2020-02-05
L20117165,허은영,01,D002,50316120,2016-01-19
I20188684,김민재,02,D005,70767585,2022-03-07
O20082727,이은정,05,D001,31133322,2024-08-02
G20081421,박준혁,05,D004,63928441,2015-01-23
K20063314,이민재,08,D006,87249953,2018-08-21
P20215747,김광수,01,D001,32469901,2020-07-19
L20228335,박정자,01,D003,82913635,2016-12-18
B20076236,오경수,02,D001,64473043,2014-12-28
R20065039,양미영,03,D006,37193792,2019-05-18
B20125013,이성수,03,D006,70931229,2015-03-09
N20203348,안정훈,07,D007,97333816,2019-07-04
S20073090,이시우,08,D007,95821588,2023-09-24
C20173059,김선영,01,D004,54122914,2023-08-21
C20004266,이수빈,02,D003,70778639,2023-07-26
R20204205,박숙자,08,D003,82579011,2015-11-27
V20148263,정상철,05,D003,57250635,2014-11-30
M20035470,박진호,04,D005,45401555,2024-05-27
A20011327,허경자,02,D004,70124965,2022-01-15
C20237970,조지은,05,D001,93390868,2014-12-31
R20193777,최정희,08,D004,98673349,2014-11-15
Y20201171,김정자,01,D003,92866816,2016-02-26
L20097246,김은영,04,D007,40099933,2018-08-07
P20067732,이성현,02,D007,77576446,2024-06-09
E20065304,이준영,04,D005,65408139,2020-12-09
I20022308,우서준,01,D005,80284589,2023-05-05
R20193868,김정훈,01,D001,75253229,2018-08-25
P20198686,김현숙,08,D006,32522830,2020-05-24
N20184942,서예지,08,D008,64955394,2021-04-21
E20055974,홍진호,02,D005,49598738,2016-06-23
R20055441,김주원,03,D005,78208112,2023-07-04
Y20152879,양수빈,04,D001,45186983,2022-06-30
I20017062,김성수,06,D006,58870542,2022-05-06
W20122687,박영일,03,D004,80244172,2024-08-13
W20018758,황서연,06,D004,31429820,2020-09-02
W20084446,윤진우,03,D004,94769431,2015-08-15
Q20152003,김은영,08,D008,82572626,2022-08-03
B20223383,김정웅,05,D007,62464973,2023-09-09
P20053822,한영철,08,D007,72569825,2021-06-06
J20144204,최서영,08,D008,53953637,2019-08-31
I20207941,이미경,01,D007,94673573,2017-11-15
L20043614,김준서,03,D003,64904065,2017-04-24
A20081005,김영환,04,D006,67943484,2022-07-16
E20186641,박민재,02,D008,46740287,2015-06-26
J20165167,이민수,03,D008,70913058,2016-02-06
I20002378,손준혁,07,D002,86571566,2015-08-24
H20182775,손순옥,03,D006,37998371,2018-05-18
O20024880,남옥자,05,D005,90793738,2014-11-24
Q20153067,박영길,07,D003,56923511,2020-04-19
R20221739,이정남,02,D002,30014027,2023-08-14
Q20042072,진주원,04,D003,50418860,2024-03-25
J20096515,김민준,05,D002,74403404,2024-10-12
M20169447,황현지,01,D004,42321676,2015-10-15
G20158653,김경숙,05,D006,67864548,2022-01-14
C20093126,최상훈,01,D002,96054512,2017-11-23
K20233495,김주원,01,D008,70211609,2021-11-11
T20098037,지상훈,05,D005,56586172,2016-10-24
P20002985,곽현우,03,D008,66979101,2019-10-04
Z20116881,허상현,01,D003,64686923,2024-07-23
P20011561,이현우,08,D001,45281938,2023-11-04
B20092878,서미영,02,D002,46459338,2020-07-07
H20005069,황서영,08,D007,40138959,2018-09-26
G20181310,김영식,04,D001,32364672,2023-07-01
T20219711,황재호,04,D006,46885061,2015-01-28
L20022734,장선영,05,D002,76325597,2015-01-21
M20156952,김민서,04,D008,60918335,2017-09-20
W20166290,장영호,02,D005,86770855,2020-07-08
K20062334,이윤서,07,D001,64415349,2020-09-07
B20084986,양상현,06,D008,81499416,2016-05-19
N20113418,김경숙,03,D004,94680851,2015-02-19
N20079223,황민재,02,D007,78248613,2022-08-01
Q20171052,이수빈,02,D003,86379024,2015-04-20
V20072753,최영길,01,D008,67358990,2016-02-28
K20031116,장미영,02,D005,31804130,2020-01-09
P20192107,김춘자,06,D006,82148258,2018-11-27
Q20088901,이지우,05,D008,88520183,2023-01-23
U20008731,김중수,08,D005,98380567,2018-11-21
F20214160,서경희,06,D007,71737925,2017-11-13
V20013165,양지혜,08,D004,49767080,2017-01-17
R20197400,김현준,06,D003,64136901,2022-01-20
O20021751,박민지,07,D003,30981134,2024-10-16
M20019979,심정식,06,D003,89522991,2023-06-20
W20025794,김우진,01,D008,53439916,2020-06-13
H20006361,이준호,01,D003,77821567,2024-03-15
B20053856,이지후,06,D003,71856833,2018-03-13
I20042586,안경수,02,D006,41436797,2022-09-01
J20134579,백순자,08,D003,60496434,2017-03-25
Z20214904,이성진,01,D006,82068033,2019-03-20
P20108011,김지원,03,D003,44612106,2017-03-30
A20212961,김진호,02,D007,91576383,2015-01-07
S20182702,정서현,07,D003,92853410,2019-02-02
T20219684,송경수,01,D002,79540938,2022-11-18
J20131060,한수빈,05,D007,95737647,2015-04-05
J20027870,하옥순,03,D003,36880975,2018-04-17
K20059348,박서연,05,D008,57764893,2014-11-16
D20066802,이영순,08,D001,67080237,2015-03-31
T20135211,홍예준,03,D004,48912265,2016-09-20
I20105848,김지혜,05,D007,74908616,2024-07-01
L20128927,장은주,07,D003,61094364,2024-08-13
E20033835,이영희,06,D001,33703560,2023-07-08
Y20057978,홍예은,02,D001,89628865,2018-03-17
V20171683,이도윤,02,D007,57904534,2019-07-27
S20084298,이지아,02,D004,75644923,2016-08-08
Y20152846,김영일,03,D002,69356239,2015-09-19
M20054458,송중수,06,D001,97122374,2017-12-26
V20045109,김동현,04,D006,34210825,2021-01-10
F20225262,최지원,05,D001,36984373,2015-04-02
I20161146,최경자,03,D002,95524030,2018-09-05
D20193166,김영철,03,D005,57527167,2023-01-22
J20134063,조춘자,06,D005,43367904,2016-06-27
O20194314,이현숙,06,D008,48045727,2021-07-28
G20069692,이병철,01,D002,52954311,2019-02-09
T20123622,김정숙,06,D003,82231675,2016-11-02
M20152469,하정훈,05,D006,65761514,2022-02-02
R20066009,강성민,04,D005,71935152,2018-12-15
Q20092939,고하윤,07,D008,86401214,2018-07-14
M20005183,김영환,05,D004,89356151,2017-03-28
Z20135085,장민준,03,D003,80084147,2020-01-09
B20107183,성민지,01,D008,71026545,2016-04-30
F20028483,박예준,04,D007,78478655,2021-04-12
I20061232,정현정,01,D002,81618733,2020-06-20
E20103142,이옥순,01,D004,90356956,2018-07-06
V20164359,김정훈,05,D001,34091257,2020-02-12
H20083228,문상철,06,D001,69368849,2023-01-13
K20221154,김민수,04,D008,49698408,2024-04-20
R20022147,박영희,02,D007,34786563,2016-02-21
J20076491,김영일,05,D004,46645849,2023-09-25
U20118715,노우진,04,D008,46655027,2020-05-12
Y20043173,손재현,01,D002,65640964,2020-12-04
Y20192503,김지우,04,D006,79105532,2015-11-08
A20103336,황현우,03,D004,71285149,2017-01-12
F20066330,박민수,07,D002,99367144,2015-11-03
L20166196,정서연,03,D006,89321150,2022-06-29
D20123986,송예준,07,D002,38519164,2020-10-23
I20157521,김미영,02,D004,63909014,2023-12-16
Z20007976,차순자,08,D004,57337433,2018-11-18
W20062707,이미숙,03,D005,90196945,2018-01-10
Z20216741,윤종수,06,D002,38706079,2017-08-22
D20234471,심미영,01,D007,35196751,2015-12-01
K20106622,이민준,07,D005,88955112,2024-05-27
R20072135,성지훈,08,D005,88373721,2024-08-13
C20139794,백민수,05,D007,99960891,2020-12-23
W20133729,박영식,02,D008,68800380,2016-10-18
M20072530,김성진,04,D004,96524023,2023-02-24
Q20145542,박상현,06,D007,94261737,2021-02-10
K20138289,이영진,05,D002,46123841,2024-10-06
O20094362,강중수,02,D008,87890213,2016-09-28
O20183217,최은서,06,D006,79436190,2019-03-24
M20122110,이옥자,03,D002,47887224,2016-07-19
B20141459,진정수,03,D008,44998493,2020-03-28
W20084096,장순옥,08,D002,82633858,2017-05-24
K20025164,박주원,07,D007,43140197,2023-02-24
O20223489,김현지,08,D002,92927860,2017-09-04
Z20094048,김영철,08,D008,92877170,2023-06-23
I20239951,김예은,06,D005,50345960,2017-05-20
H20017510,양영철,04,D005,50818935,2024-01-28
A20118126,이시우,03,D002,86718986,2016-05-25
S20229808,진정남,03,D004,31039284,2020-10-01
Z20113635,박주원,08,D004,54507249,2017-05-31
O20183630,곽상현,01,D006,35926355,2020-10-28
F20225725,김재호,04,D002,74589162,2017-03-01
D20054054,박민석,08,D007,94720255,2016-08-14
C20119598,박성현,02,D001,41242974,2022-09-29
Z20081487,김현우,04,D004,71378543,2016-05-09
Z20058534,김서준,04,D004,75582044,2022-11-05
M20206143,최현정,01,D008,91386138,2023-05-27
T20111587,이재현,07,D006,96343785,2019-08-20
H20169487,김은지,02,D006,86947667,2019-09-25
M20212668,김은지,01,D008,89881319,2016-07-13
Z20239133,김영자,03,D004,55063007,2017-12-12
M20079651,남재호,07,D008,97950771,2019-04-07
O20031238,류준영,03,D003,99436741,2015-08-25
I20044490,이준영,06,D008,82495972,2023-01-17
Q20066917,김영철,06,D008,73352962,2024-05-26
W20143980,김지연,04,D008,65277887,2016-07-29
L20128513,김병철,02,D006,81312535,2024-04-22
S20069080,이하윤,03,D008,33671792,2019-06-15
Q20119235,지미정,05,D007,85425753,2019-06-20
R20032944,윤수민,01,D004,30071684,2019-08-12
F20018970,김영희,04,D004,53850530,2021-08-27
A20161252,진순옥,04,D008,88460865,2020-07-19
S20148764,권윤서,03,D008,56027392,2018-05-07
K20177548,김숙자,02,D003,80521552,2017-10-18
P20181370,김건우,02,D003,54736294,2016-12-07
E20146065,김우진,06,D002,31861602,2019-04-17
N20107199,강시우,08,D002,77689573,2018-11-10
S20007555,오은서,08,D005,98753544,2016-05-23
K20017144,진진호,03,D004,86904969,2022-12-14
H20012105,이지혜,06,D001,66670836,2019-07-07
A20187696,장은주,08,D005,96905721,2021-12-31
D20197089,한성진,07,D007,64847856,2018-05-16
N20001767,장정자,02,D001,30609601,2015-04-19
X20024505,지경수,04,D001,83043735,2020-07-28
T20164378,문정희,04,D007,90048701,2022-12-18
D20191557,최서연,01,D006,43193904,2022-02-22
I20231957,김정훈,04,D004,40338356,2024-04-01
E20127557,오미영,04,D006,34648485,2023-06-12
O20097803,이아름,03,D002,45059689,2018-02-27
A20097327,이서현,07,D004,79770734,2019-02-10
Z20135180,윤성수,06,D001,65818393,2024-07-23
Y20231613,장영철,03,D005,35205557,2016-07-27
R20181069,김민재,07,D003,40196210,2020-05-20
K20041896,이영숙,06,D002,82431008,2018-04-04
H20217862,장지혜,05,D001,76843095,2022-12-01
I20047960,이선영,04,D005,93351756,2017-01-29
V20106396,조은경,03,D008,54062262,2023-10-03
B20239010,김선영,06,D005,54650228,2020-02-22
P20128685,이하윤,08,D004,85508787,2022-04-10
B20194145,박영숙,07,D003,71806744,2019-01-13
E20226566,문예진,01,D006,95215122,2024-08-11
G20164308,박병철,07,D002,42288801,2019-09-08
S20143317,안윤서,06,D003,64042099,2024-07-13
L20206925,최정남,07,D001,88755721,2022-05-27
H20138853,김예은,08,D001,99599645,2024-09-20
A20211076,윤영숙,05,D008,58317799,2021-11-01
F20057277,김윤서,03,D003,46750889,2018-06-11
I20169819,김영숙,01,D003,49987825,2020-07-11
O20054311,이중수,02,D002,40888464,2024-02-15
T20039103,김은지,05,D007,98084813,2022-10-15
G20129843,나은서,01,D005,42821346,2022-10-11
Q20033880,김현지,07,D004,56544989,2023-05-24
N20052417,한아름,08,D004,35123130,2022-06-18
U20197406,송경자,07,D001,55045548,2023-03-23
K20185173,심현우,03,D004,37677107,2022-06-09
I20116912,박혜진,06,D007,82456462,2015-08-20
L20227345,김재호,06,D002,74501057,2022-06-04
C20228441,박은주,05,D008,43215926,2016-10-28
T20035307,김숙자,02,D004,93491485,2022-10-20
T20019118,최윤서,02,D004,49426415,2017-10-28
N20166092,김옥순,07,D006,57751529,2018-07-10
J20107312,신서현,04,D006,64751186,2022-10-30
X20139840,장상철,08,D007,59700641,2019-09-04
W20184847,이서연,08,D006,74027609,2021-09-24
G20111708,문종수,06,D001,85743201,2024-05-18
H20138858,김민석,02,D003,96498328,2019-11-08
T20231165,이승민,03,D008,30135027,2017-08-28
N20118771,강예지,06,D007,39305188,2017-02-05
K20127057,김영일,06,D004,87870409,2023-01-05
P20174753,최건우,02,D008,32035583,2017-11-10
U20216475,최종수,06,D008,77896192,2022-03-20
H20066543,박춘자,06,D005,90033638,2019-08-19
Y20081296,오수진,03,D005,92957177,2022-01-25
L20216353,윤민수,04,D002,46539937,2015-06-29
M20012073,김예준,04,D005,71879362,2015-03-05
K20106982,서경숙,02,D004,36554324,2015-10-12
B20231924,남정희,07,D007,93124528,2018-02-15
J20212542,문진우,02,D004,93998787,2016-02-10
I20059984,이성훈,01,D005,87697403,2024-05-22
F20051308,안수진,07,D003,32586897,2024-02-01
S20233042,김중수,02,D007,49811589,2017-01-17
W20173269,김재현,08,D007,58138941,2017-05-08
H20204697,김성수,05,D003,84721002,2016-10-08
P20205880,전경희,05,D006,53336146,2023-10-17
Y20235021,김정웅,03,D007,78523260,2023-05-08
T20205038,김진우,04,D001,42317707,2015-06-17
L20203648,박서현,01,D004,89190114,2016-03-03
U20069192,김상현,04,D008,79920754,2019-04-27
J20109550,이예은,04,D004,74995164,2024-08-02
Y20191577,송예원,04,D001,57500773,2017-01-22
I20212525,배혜진,06,D008,82586417,2020-10-14
N20234446,이영미,08,D005,88179980,2019-02-15
K20072246,박경수,01,D004,96078567,2018-12-23
Y20108557,전정자,02,D004,70232168,2021-08-30
O20124075,조성호,07,D008,32930800,2019-03-14
L20218122,신명숙,04,D004,79866078,2015-08-13
X20195585,이지혜,08,D008,62631644,2024-03-05
Q20005914,장승현,04,D001,82436242,2015-07-19
J20006445,이준호,06,D006,79546223,2021-01-17
Q20223616,박승현,02,D008,72634054,2016-04-23
Q20145998,이민준,01,D008,88542342,2015-08-23
H20239416,김중수,05,D001,67232388,2016-10-25
Z20072293,송지아,05,D006,49110599,2020-09-15
N20185109,김현숙,02,D002,68560872,2020-02-18
Q20166008,최영일,05,D007,38354223,2020-07-24
V20042783,김현정,05,D001,66607908,2024-04-06
B20184794,김은영,03,D004,98211172,2015-09-07
Z20209837,류현준,05,D007,78246428,2023-11-10
K20187036,안혜진,02,D002,54822226,2020-09-05
T20146823,이서준,05,D003,34473546,2017-10-17
V20203992,김옥순,04,D007,92472091,2015-03-03
X20132080,박영식,08,D005,56781313,2024-02-26
X20168877,김경숙,02,D005,70026580,2022-03-20
X20005295,김우진,06,D006,87325483,2019-02-14
P20199843,신준호,02,D007,95050382,2016-02-22
N20196668,노준영,04,D006,96357611,2018-12-02
Y20233561,박예은,05,D004,86390924,2021-03-15
H20208003,김지연,08,D003,83153605,2020-08-23
P20159955,홍상훈,02,D008,30915573,2023-09-27
H20106685,김명숙,06,D002,76765957,2018-12-14
P20061713,김승현,07,D007,56067000,2023-07-18
I20217216,윤시우,02,D004,61659967,2020-02-09
L20119818,김정숙,04,D005,50073469,2020-09-04
R20088039,이민재,02,D008,69039889,2019-06-02
M20119761,장준혁,07,D007,52235960,2016-12-03
F20062891,이미경,04,D002,56160180,2022-03-18
L20127660,박예은,05,D003,32553104,2022-04-27
E20176102,김예준,08,D007,71740839,2018-06-23
G20209491,나유진,08,D005,56418791,2023-01-30
N20135629,김상호,03,D001,46523915,2023-09-25
F20161617,서지연,04,D008,84503323,2019-11-16
O20179993,강지현,01,D003,90086781,2018-11-20
R20127605,박성진,07,D001,89146997,2018-11-04
S20232847,김은영,05,D007,71158354,2015-08-21
D20049838,최수빈,03,D004,94887742,2019-12-06
O20033917,문명자,01,D002,98802333,2022-12-29
F20024023,김서현,04,D004,50969027,2017-01-11
L20177628,김영진,02,D004,32439310,2021-01-25
K20016898,송병철,07,D007,59035318,2016-02-21
L20013045,김경희,04,D003,69962316,2023-02-05
V20165407,이명자,05,D002,71504739,2020-11-24
Q20082018,오은경,01,D003,84168235,2015-10-22
D20066742,김명숙,01,D005,73465173,2017-07-11
J20112484,김종수,03,D005,44456374,2021-04-27
Z20124874,이성훈,08,D001,61773912,2019-03-28
J20071458,김동현,07,D005,69314284,2021-11-16
X20199885,김예원,05,D002,80447151,2015-08-27
X20054035,김숙자,06,D002,97921547,2016-09-16
E20172779,최영숙,06,D001,31518733,2017-06-09
H20047579,윤유진,01,D004,83449935,2024-08-27
T20183301,최영길,01,D002,30837575,2015-11-19
B20029925,박은경,07,D006,41762221,2014-11-01
U20029404,류병철,07,D002,97447236,2024-03-29
B20004792,김지은,06,D005,99966560,2020-02-27
B20025736,김지연,07,D002,55778916,2017-07-18
S20089804,고민서,01,D003,45437397,2019-01-01
N20187359,문지영,04,D006,86885561,2020-12-05
T20074006,한영수,02,D002,95453196,2014-12-06
B20124491,이순자,04,D003,63676566,2024-08-05
D20157786,이성민,03,D002,60211829,2016-07-05
T20235002,류서영,01,D007,71108393,2017-08-22
W20153915,이영숙,08,D001,60899478,2020-02-14
V20134882,이중수,08,D002,44439901,2016-02-18
Z20138076,남정훈,08,D003,87787753,2024-04-29
O20189971,안시우,05,D004,52185024,2016-06-14
R20169362,김성현,07,D005,33769060,2021-04-04
N20014064,이영일,04,D008,61162054,2023-08-27
L20024663,이정숙,07,D001,55633594,2021-11-20
K20133785,김지연,04,D004,41975706,2016-03-21
G20069757,안춘자,08,D006,66067195,2015-03-08
O20032172,서수빈,02,D002,42998716,2023-11-14
N20093127,이순자,02,D002,52642230,2021-05-28
S20058798,김민재,01,D007,52797713,2018-08-23
V20139269,박채원,08,D005,41209448,2023-09-03
R20116785,이현정,05,D008,42363272,2020-10-03
H20066418,김정숙,06,D004,42836011,2019-12-16
Z20128464,최주원,04,D008,56761144,2023-06-15
F20003688,김주원,08,D006,59225075,2014-10-17
M20131802,이보람,06,D006,78097651,2017-06-20
H20203665,양지은,01,D008,58274420,2024-05-23
A20084271,고은서,06,D006,95393416,2022-10-12
V20031897,하성현,04,D004,47200036,2018-12-22
Q20098673,문준혁,08,D008,47736242,2023-11-20
B20107215,강지원,03,D007,83349352,2018-10-28
O20013044,박하은,06,D007,33782477,2023-02-13
I20015834,이광수,08,D004,66575206,2018-07-16
C20168342,홍현우,01,D007,91981402,2024-08-13
R20024220,김영진,05,D005,64372757,2024-07-04
U20044593,김민준,05,D002,80070961,2023-08-04
Y20118182,김정자,08,D006,68531716,2017-05-01
F20218935,백민재,02,D004,90292632,2015-08-20
Q20036196,박준서,04,D004,54243219,2023-04-13
K20025337,김현주,03,D005,68966150,2015-05-10
S20074649,최미숙,03,D006,65829509,2019-12-28
I20125724,박영환,06,D008,55975296,2015-06-13
M20173605,송영순,07,D003,51916504,2020-12-27
O20007166,강진우,08,D004,55907097,2020-10-23
C20047670,박정호,01,D002,94172040,2022-03-12
B20232909,이도현,08,D008,94510311,2023-08-15
Z20177071,박미경,07,D001,59331227,2017-02-26
L20218436,김시우,03,D002,68063297,2016-07-15
U20139517,최영미,01,D001,67643296,2018-04-18
O20167402,민옥순,08,D001,77540486,2017-09-26
O20222043,한현우,06,D004,81447188,2021-09-26
L20235572,김상호,04,D004,77132797,2020-11-11
C20205222,이영숙,02,D001,67085403,2021-10-02
U20069801,최상현,08,D008,70775793,2016-12-19
P20004992,최주원,01,D008,77019132,2018-03-25
B20186504,이종수,02,D006,36270700,2020-01-17
O20175395,안경수,02,D003,38487693,2017-12-30
M20047862,박미영,05,D007,43915434,2020-10-31
Z20015613,박옥자,03,D001,70266022,2016-12-12
Q20223749,이성진,05,D005,93887468,2018-10-03
F20124924,김옥순,06,D006,70200488,2022-01-13
E20006550,강서윤,06,D008,63885142,2023-10-16
G20166265,김준혁,01,D003,86625964,2014-10-17
J20212527,이정식,08,D002,67924330,2019-12-29
J20036445,이예진,03,D008,98596208,2023-01-10
H20229219,최재현,05,D008,45127683,2016-09-16
C20036734,이병철,08,D005,78862254,2023-06-29
T20163672,김영철,03,D004,41342937,2020-04-30
N20026946,박예진,01,D001,84829307,2017-10-11
B20101815,안미경,04,D004,49433979,2017-03-20
X20058391,이정숙,06,D006,90747551,2015-04-13
H20166036,김지연,05,D005,32815986,2022-01-22
B20055553,장보람,01,D005,44846929,2022-04-27
K20218746,양주원,01,D004,42620908,2024-01-15
Y20152560,김종수,08,D003,89466753,2024-02-25
W20009267,박지아,02,D006,58062678,2020-09-19
L20147385,이하윤,07,D006,73446367,2015-12-17
X20114570,서현준,04,D001,88633247,2021-09-02
U20012773,양민재,04,D006,87523052,2014-12-05
E20026766,윤준서,04,D008,57387136,2015-11-06
F20011274,김정수,06,D003,84258748,2020-05-15
U20158721,조예준,05,D001,48342055,2020-01-29
S20038470,윤하은,01,D004,73878336,2020-06-12
Z20219383,조민수,06,D002,88327615,2017-08-20
F20038994,정지현,04,D001,34725199,2015-01-21
O20134121,김영식,08,D007,83855429,2022-12-27
T20165173,김민서,05,D008,55094190,2016-08-04
K20175990,김성훈,02,D002,48563134,2020-10-22
C20065131,권정훈,02,D005,89861761,2017-06-21
D20236972,윤영수,02,D005,38557211,2021-01-09
S20015351,김광수,01,D003,66281461,2018-12-27
V20163688,김지훈,07,D007,89963992,2015-03-10
X20182744,장유진,04,D005,62437120,2023-12-22
I20116058,박영호,05,D002,41150470,2019-06-08
L20204111,김민서,04,D007,41982950,2022-04-03
Y20239089,김정웅,07,D004,41299694,2015-04-30
W20194327,박지영,03,D005,36387772,2022-11-13
R20219987,최영일,07,D008,59867254,2017-06-04
Y20104979,이중수,07,D002,87807543,2015-10-27
H20045596,오현우,06,D007,58937091,2015-06-22
C20151133,박주원,05,D001,55500447,2017-01-01
H20081953,박지후,08,D002,43463956,2023-10-05
C20218742,김현우,07,D008,36940783,2019-02-06
J20048090,김민지,06,D007,72864158,2023-07-09
W20197939,김정수,01,D008,32401862,2015-10-29
R20042754,박현정,08,D002,93981243,2022-05-22
A20145121,조미정,06,D006,38317668,2015-06-29
Z20129525,배하은,06,D006,53692149,2020-05-22
X20081402,홍윤서,07,D006,94583696,2021-09-30
G20063274,김지민,06,D001,56917028,2019-01-07
X20018101,윤미숙,08,D003,93689863,2023-07-14
P20067259,김미영,03,D005,49648649,2019-03-22
J20231436,양영환,04,D006,88603606,2018-09-15
V20051887,장준혁,03,D001,66958914,2019-11-10
U20138151,김서연,07,D006,38978308,2021-01-01
B20021506,박미영,01,D006,72144422,2019-07-19
K20083477,권지우,04,D005,85811055,2023-08-10
D20168612,최상현,07,D002,60043181,2016-11-29
U20092633,이미영,08,D006,61697657,2016-05-05
C20054017,손예원,02,D006,51728803,2024-04-16
R20217828,장지훈,01,D004,98086627,2020-03-10
N20047154,강예진,05,D008,55333664,2016-01-31
B20227476,김승민,08,D001,63841669,2021-06-07
X20002256,이정호,06,D002,41904455,2016-01-01
G20127394,김상호,06,D003,73608910,2020-05-27
V20223314,양재호,07,D005,35876747,2020-02-09
A20176993,이영수,04,D003,91123624,2024-07-05
D20151958,박승민,03,D005,47455149,2016-03-10
P20227368,이민준,08,D002,83495546,2022-01-03
S20141391,강영호,07,D006,65479092,2015-09-30
O20096971,노미정,04,D001,32646675,2019-05-25
Z20098370,이민재,03,D004,54915693,2016-05-31
P20177701,장지혜,01,D002,99306447,2019-07-08
G20214919,전서연,07,D003,57934920,2015-05-13
U20183774,박지영,06,D005,96561222,2020-07-25
D20064167,김주원,01,D006,54092381,2017-09-15
M20166369,황순옥,07,D001,43752221,2014-10-30
A20118228,홍현준,05,D003,98247443,2021-11-30
S20173730,박민준,08,D006,45139896,2022-04-01
D20116643,김옥자,03,D008,71109480,2016-11-07
X20047036,김영일,04,D004,52798899,2020-03-13
H20101417,김민지,05,D005,58821678,2022-08-12
G20143996,김영식,06,D008,49304985,2018-04-15
O20128035,남혜진,01,D006,83367182,2016-01-22
K20121286,이준영,08,D007,83283418,2021-01-12
X20074100,박수빈,04,D002,43846642,2022-01-13
G20055128,김정웅,05,D004,67556224,2022-01-20
F20183679,문지후,08,D007,87344852,2015-05-21
Q20121231,박영숙,05,D005,72927143,2021-12-22
Q20117315,이은정,08,D002,77120256,2018-11-26
R20226610,송승현,08,D007,79025946,2015-10-17
V20065160,안시우,02,D004,35193155,2021-04-14
G20017009,김영식,01,D001,34926075,2023-01-14
B20126521,류지영,03,D002,69503827,2023-08-18
T20185375,강도윤,03,D005,52812505,2016-03-15
V20053052,김경숙,02,D004,90170547,2019-04-16
T20233998,김성호,02,D005,48191738,2024-05-26
R20011368,박예준,03,D004,74879215,2024-06-06
P20197623,박동현,08,D005,38017788,2022-03-04
R20068178,박수빈,03,D006,98688655,2021-12-24
X20059487,강영길,06,D001,89202687,2016-03-29
C20084562,김진호,01,D004,37232386,2020-03-21
W20238460,김경희,03,D001,58404680,2018-04-04
G20143257,오예지,02,D008,44438316,2021-08-31
B20204218,최상훈,08,D002,60273987,2019-01-05
J20004695,이중수,05,D006,80123090,2016-02-23
V20002959,박은정,06,D006,52290442,2024-03-09
E20028321,김승민,03,D004,71244435,2021-08-18
Q20129137,이보람,04,D007,59983557,2022-12-29
I20157190,이명숙,06,D003,58050887,2017-03-05
U20116307,강영진,07,D001,66578270,2018-02-13
V20229719,최지훈,06,D008,58051587,2018-01-30
S20126506,김준호,02,D003,93610573,2018-03-22
S20187425,박영환,08,D006,85843900,2018-03-05
P20168886,최상호,03,D002,62013989,2021-11-30
L20114486,이민수,06,D002,38686022,2016-12-06
X20215598,양정순,02,D006,67289520,2017-07-15
H20181439,윤승현,05,D002,36645564,2017-05-14
R20054750,김준혁,03,D008,81550795,2019-04-11
P20207381,이아름,08,D006,61001378,2019-09-02
N20208802,김현우,01,D005,70978708,2015-05-13
J20038492,김성훈,06,D006,35815974,2020-08-05
F20056488,김정호,04,D002,98683203,2021-12-06
N20102255,이현우,08,D005,42526716,2017-01-23
X20115232,엄영식,08,D002,85955067,2018-01-29
C20081923,최승민,04,D005,96406548,2015-11-03
E20178023,안지영,02,D002,87739600,2021-10-19
J20214628,김하윤,04,D001,78784394,2020-11-15
M20152703,김지원,08,D005,83830454,2014-11-15
Z20016142,심진호,08,D002,86177567,2017-11-27
K20033832,양정순,03,D003,32054799,2018-12-10
X20074134,이숙자,07,D007,59327253,2021-08-06
Q20106813,김현우,02,D003,75396728,2024-05-12
B20129520,김영자,03,D001,48993382,2015-11-02
I20151285,최서영,05,D008,33120676,2024-05-04
H20024962,박진우,08,D008,98594343,2017-04-09
P20051547,엄수진,05,D004,86776886,2020-11-09
O20177234,박서연,02,D004,86691411,2019-08-19
F20046037,박서연,08,D003,35679568,2015-12-01
E20006044,손영호,08,D007,94828162,2015-05-14
F20147627,고동현,05,D001,70741794,2022-05-09
N20207668,박정순,03,D007,80358868,2018-03-22
P20095444,강민수,04,D008,46520190,2021-07-27
N20106342,이성진,07,D001,73393481,2018-03-18
T20093933,손은주,02,D005,83549562,2023-09-25
S20132541,서현숙,05,D006,68940234,2016-11-18
D20148343,김서현,06,D001,30314761,2016-07-10
B20038453,손성수,08,D003,31962973,2018-04-07
Y20016991,이영식,05,D003,55831085,2022-05-01
S20068925,강민준,03,D008,87634965,2020-11-22
Q20157662,김경희,04,D003,77573302,2015-07-21
V20089014,한옥자,03,D008,36211151,2020-10-11
D20071055,주중수,01,D008,32818015,2020-10-04
F20027088,권주원,05,D001,30171793,2020-10-16
V20237499,구보람,02,D005,67487958,2022-04-22
P20124683,박영숙,03,D007,35520464,2015-07-05
K20109089,강준서,01,D008,49014579,2023-10-10
Y20161074,최성진,01,D005,65376724,2023-03-04
C20172846,이숙자,02,D001,47128767,2024-06-10
R20149412,이성진,02,D001,34497553,2016-01-06
X20231438,류준혁,01,D008,37440614,2023-12-04
G20239371,오민재,07,D002,50529057,2022-01-28
D20176688,이상훈,06,D004,52849910,2018-01-02
M20136980,남예은,07,D002,45674373,2024-05-22
T20209204,김옥자,08,D006,89614936,2015-03-21
S20086947,오정수,06,D008,41312397,2015-12-31
O20009908,이유진,05,D006,45921888,2022-03-05
T20199268,박아름,03,D007,97604193,2015-03-22
S20183319,안민서,03,D008,33392532,2017-03-08
I20004580,장채원,08,D003,53552415,2020-02-22
R20213551,강지혜,06,D008,72546318,2017-06-01
W20207528,이서연,06,D005,60353182,2021-01-12
Z20011027,허수민,02,D001,57504154,2019-05-18
X20139057,박서윤,05,D007,78090868,2016-03-02
T20057943,이동현,03,D003,96982600,2018-10-02
K20079515,서예은,04,D003,78196799,2016-01-13
Z20215135,노은서,03,D006,39548649,2021-04-25
O20154522,장순옥,07,D005,60849545,2017-08-25
G20217775,허준호,08,D008,70619035,2023-01-14
Y20083413,김은서,08,D004,80443705,2017-06-07
U20172510,주미정,06,D003,42278704,2016-07-16
F20183258,장준혁,03,D001,39804062,2017-10-12
X20036904,송영호,04,D004,65992707,2016-07-08
F20134629,김민재,03,D006,55568571,2016-07-27
J20161349,박서영,04,D005,70085145,2018-02-11
L20108391,남성민,02,D001,99576490,2021-09-03
U20065227,문경수,03,D003,32658765,2022-04-22
E20175926,김은정,02,D003,88645541,2017-10-29
G20214934,황상현,05,D007,43652677,2022-05-22
M20084781,이미영,05,D008,43322928,2024-01-07
U20007309,김지혜,08,D007,32794188,2018-12-24
W20076210,김성수,04,D001,64464084,2023-04-28
M20062505,장동현,05,D006,88481936,2023-01-29
E20008767,김상철,01,D006,66844323,2021-05-15
Z20212345,성미경,07,D003,37022358,2015-01-07
N20138252,김동현,01,D007,67510138,2022-06-12
Y20075317,김상호,02,D006,84133417,2019-05-16
V20175800,박민서,08,D004,48777488,2021-04-05
Y20062452,최서현,08,D001,33519998,2016-07-01
G20196689,윤지아,05,D008,77799660,2024-05-02
M20108287,장정숙,08,D007,67558816,2022-09-14
D20153713,김종수,05,D005,97558004,2017-11-02
M20047584,조영철,08,D003,89162419,2024-05-10
K20046379,이순옥,05,D004,74245460,2015-05-22
R20066053,이민지,07,D002,88050880,2017-01-22
Y20036138,정정호,07,D003,95885927,2022-10-27
T20206192,김지연,02,D001,54797687,2023-03-25
O20211575,이지훈,07,D002,70527301,2021-03-27
X20091122,김민서,04,D008,51773018,2018-04-20
K20036715,김지훈,04,D004,62195796,2023-02-09
S20097740,백승현,06,D002,86476077,2016-11-30
I20197950,홍상철,03,D001,68967434,2023-08-23
E20005936,류선영,06,D002,63707583,2021-10-02
X20083949,김채원,07,D006,98668098,2019-01-03
J20151852,손지연,04,D003,34598818,2020-03-14
D20008832,최영환,03,D001,79879714,2019-06-13
P20031518,김수빈,02,D005,64828351,2020-01-27
Z20159212,양정훈,02,D008,84372603,2019-07-24
M20141266,배상호,05,D007,73623607,2017-07-02
B20079973,배성진,02,D004,68722541,2019-10-28
J20131097,서준서,02,D006,34364354,2024-03-14
H20067423,김정자,02,D001,75469174,2016-03-28
E20071256,곽성민,01,D008,43784355,2017-12-08
E20173728,이예은,06,D001,56049232,2016-02-12
J20105088,허시우,01,D008,67809487,2015-10-28
H20107803,백수민,04,D001,78086500,2015-06-11
L20191579,김경자,03,D006,87445124,2020-10-15
V20154478,김보람,04,D004,75681325,2023-09-21
R20208607,이지은,07,D008,43494611,2016-09-02
G20047514,이옥순,05,D008,91579416,2022-05-04
K20047609,장미영,08,D005,47961429,2024-02-18
D20215673,최주원,08,D008,97921152,2023-04-05
I20119650,오영순,01,D005,63997167,2018-05-08
Z20199434,류옥순,06,D004,51799001,2015-02-09
T20052618,안명자,02,D008,99870949,2019-06-07
Q20135116,이예은,06,D004,70950998,2014-11-28
Z20127441,김성진,08,D001,79261901,2017-04-01
Q20143021,강성훈,06,D007,35680261,2020-06-02
J20196963,노재호,01,D006,77571707,2016-10-19
X20049576,황영일,02,D001,76227314,2019-10-25
I20055689,진예준,01,D003,79281209,2019-02-22
D20084772,황영진,08,D001,83705626,2024-05-16
N20104424,김성민,07,D002,90577672,2022-12-30
O20222864,최미숙,02,D001,59954586,2019-10-15
F20101804,김정수,07,D001,38596232,2018-09-29
F20074295,고춘자,01,D002,60604946,2020-09-18
M20114778,박지연,01,D008,83332447,2017-02-28
T20055111,심은주,06,D002,95621388,2016-03-10
P20097768,박은영,06,D001,60580838,2017-10-27
F20092993,조지아,04,D005,58750272,2015-06-05
R20196699,김현숙,07,D002,75480982,2015-05-27
G20169151,김서연,03,D005,31186787,2018-06-12
P20127687,김시우,02,D006,83736427,2020-07-29
B20058184,장숙자,03,D006,80215757,2016-01-10
F20143562,주도현,07,D007,52578066,2017-09-01
G20089884,손준호,05,D008,81921385,2015-07-30
T20145229,나지아,04,D002,89227106,2022-02-25
T20196327,김지후,07,D005,92164145,2015-03-18
L20086803,박상현,04,D001,39060901,2015-11-18
T20167111,송성현,08,D005,73494351,2023-07-30
G20059918,황영호,01,D003,60722692,2015-03-26
I20065920,최진호,07,D006,77091409,2022-09-19
U20197624,박성현,08,D007,90926388,2021-03-31
R20185730,전성수,08,D007,49135141,2020-11-11
U20238012,양중수,01,D004,32333543,2017-10-01
K20236526,이광수,07,D004,42663310,2016-05-02
B20192135,김수민,07,D005,87988150,2017-10-24
T20212864,이재호,03,D007,86098627,2022-03-05
A20086574,조현지,07,D004,79560757,2017-10-17
L20031531,김은경,03,D007,80736296,2015-09-15
H20059422,김수빈,05,D004,47975807,2022-02-27
G20117443,김광수,06,D001,95769321,2019-04-21
L20151855,김영일,05,D005,30966531,2022-05-31
K20216665,한정희,05,D003,40786324,2024-09-01
I20128112,권승민,01,D003,37341444,2023-02-12
X20152014,권순자,05,D001,36650615,2024-01-29
