cno,id
1077,twslv2264
191,dsrod9642
1060,dsrod9642
145,sxpju3904
2693,pddye6765
17,zvalj2778
864,zfywi3262
2050,mftmi0176
1575,gouzr6264
2884,bgpem2396
2739,bgpem2396
976,dsrod9642
2872,dsrod9642
1615,udkvo9961
2431,tijio5023
2505,zvalj2778
467,dsrod9642
1743,cqtyu6709
672,tijio5023
1504,vpxpr9912
1273,xzmei7676
325,tijio5023
2094,udkvo9961
1152,xzmei7676
1636,zfywi3262
2255,cqtyu6709
1818,ovgoz8469
2138,iossf9320
1749,seoad8070
1905,xzmei7676
447,mftmi0176
588,ovgoz8469
1856,iossf9320
117,mftmi0176
1911,zvalj2778
2312,twslv2264
2448,udkvo9961
1143,rwsjc4125
537,zvalj2778
815,bethd9321
2711,seoad8070
50,xzmei7676
636,iossf9320
2223,iossf9320
1114,iossf9320
331,bgpem2396
1987,udkvo9961
1828,zvalj2778
1259,xzmei7676
1100,tijio5023
2733,dsrod9642
2354,iossf9320
2936,gouzr6264
2148,rwsjc4125
455,muhas8126
2260,rwsjc4125
2740,bgpem2396
454,sxpju3904
532,muhas8126
521,twslv2264
2631,zfywi3262
2356,zfywi3262
316,zvalj2778
199,twslv2264
401,iossf9320
2562,bgpem2396
193,tijio5023
1927,tijio5023
228,rwsjc4125
2492,seoad8070
1205,xzmei7676
29,iossf9320
283,tijio5023
122,bgpem2396
1646,twslv2264
1437,mftmi0176
2742,sxpju3904
463,seoad8070
807,iossf9320
2899,xzmei7676
1525,vpxpr9912
2209,bgpem2396
2015,rwsjc4125
80,seoad8070
688,muhas8126
1721,dsrod9642
28,pddye6765
1178,zvalj2778
2511,mftmi0176
2596,bethd9321
12,bgpem2396
1483,cqtyu6709
2139,bethd9321
1424,bgpem2396
440,xzmei7676
995,xzmei7676
1946,muhas8126
1054,sxpju3904
586,xzmei7676
735,sxpju3904
769,udkvo9961
2770,dsrod9642
2628,zfywi3262
1732,gouzr6264
676,tijio5023
2184,bethd9321
1824,cqtyu6709
2904,iossf9320
1092,iossf9320
2395,gouzr6264
2838,iossf9320
61,tijio5023
1822,udkvo9961
1068,muhas8126
868,vpxpr9912
1191,udkvo9961
2830,dsrod9642
534,ovgoz8469
1046,seoad8070
2896,iossf9320
1567,twslv2264
1779,ovgoz8469
2366,zvalj2778
1446,seoad8070
130,zvalj2778
1335,sxpju3904
1354,ovgoz8469
1343,tijio5023
2657,bethd9321
1548,cqtyu6709
1718,dsrod9642
530,muhas8126
1056,vpxpr9912
2512,iossf9320
1330,mftmi0176
2534,zfywi3262
2444,cqtyu6709
131,seoad8070
112,twslv2264
756,cqtyu6709
1579,xzmei7676
1249,cqtyu6709
695,zfywi3262
924,vpxpr9912
1045,muhas8126
1666,xzmei7676
1142,vpxpr9912
2389,udkvo9961
1991,tijio5023
2020,pddye6765
488,tijio5023
2412,gouzr6264
949,gouzr6264
1066,iossf9320
2490,muhas8126
922,seoad8070
1460,ovgoz8469
753,sxpju3904
589,rwsjc4125
2410,twslv2264
129,seoad8070
1735,bethd9321
2954,ovgoz8469
1636,dsrod9642
167,gouzr6264
1488,mftmi0176
1248,ovgoz8469
2689,seoad8070
2504,ovgoz8469
1159,seoad8070
821,gouzr6264
1645,zvalj2778
230,pddye6765
2470,pddye6765
2999,pddye6765
2623,zvalj2778
1305,pddye6765
1660,rwsjc4125
2359,cqtyu6709
1425,xzmei7676
348,zvalj2778
324,tijio5023
97,iossf9320
187,zvalj2778
2686,bethd9321
2351,vpxpr9912
2923,ovgoz8469
554,vpxpr9912
894,muhas8126
1742,udkvo9961
2373,udkvo9961
2805,mftmi0176
1644,iossf9320
1098,cqtyu6709
2954,seoad8070
2137,zvalj2778
871,gouzr6264
2852,sxpju3904
1124,mftmi0176
913,udkvo9961
78,mftmi0176
16,dsrod9642
1875,muhas8126
154,muhas8126
1963,zfywi3262
2171,rwsjc4125
2449,mftmi0176
1836,zvalj2778
1555,tijio5023
2811,muhas8126
642,twslv2264
2709,muhas8126
2600,rwsjc4125
2832,rwsjc4125
148,udkvo9961
341,iossf9320
2112,xzmei7676
1983,ovgoz8469
2465,iossf9320
909,sxpju3904
1767,muhas8126
2483,sxpju3904
1087,bgpem2396
2962,zvalj2778
170,iossf9320
2721,cqtyu6709
1970,ovgoz8469
854,iossf9320
2977,dsrod9642
42,seoad8070
646,vpxpr9912
1963,udkvo9961
1379,muhas8126
1995,rwsjc4125
1792,tijio5023
2968,sxpju3904
629,udkvo9961
1215,dsrod9642
1659,tijio5023
2537,seoad8070
968,tijio5023
1165,bgpem2396
384,sxpju3904
2658,vpxpr9912
688,twslv2264
2448,vpxpr9912
2966,bethd9321
597,dsrod9642
1932,bethd9321
2134,bgpem2396
539,seoad8070
19,udkvo9961
2390,udkvo9961
2732,vpxpr9912
1472,mftmi0176
1273,mftmi0176
2119,mftmi0176
847,mftmi0176
1896,cqtyu6709
1076,cqtyu6709
426,gouzr6264
434,ovgoz8469
1344,xzmei7676
957,vpxpr9912
1056,udkvo9961
1678,gouzr6264
1424,bethd9321
2789,xzmei7676
1792,zvalj2778
2058,zvalj2778
738,seoad8070
509,mftmi0176
68,twslv2264
1989,twslv2264
2677,bgpem2396
2803,bethd9321
1267,seoad8070
1620,pddye6765
2198,gouzr6264
986,sxpju3904
34,zfywi3262
1920,ovgoz8469
2301,rwsjc4125
673,mftmi0176
1213,xzmei7676
1041,sxpju3904
2981,iossf9320
1844,dsrod9642
2184,muhas8126
1065,bgpem2396
40,zvalj2778
143,udkvo9961
1742,tijio5023
2233,gouzr6264
1449,vpxpr9912
380,sxpju3904
1430,seoad8070
445,tijio5023
1003,bethd9321
1262,zvalj2778
337,iossf9320
621,mftmi0176
1610,vpxpr9912
2603,cqtyu6709
2447,tijio5023
488,vpxpr9912
2644,pddye6765
2929,zvalj2778
1116,twslv2264
2825,bgpem2396
1290,gouzr6264
2060,zvalj2778
1269,zvalj2778
500,vpxpr9912
458,udkvo9961
2729,mftmi0176
513,zfywi3262
2806,sxpju3904
1897,gouzr6264
2964,zvalj2778
1806,vpxpr9912
161,muhas8126
2629,udkvo9961
2170,gouzr6264
2207,dsrod9642
1250,twslv2264
2189,udkvo9961
650,iossf9320
589,zvalj2778
1100,pddye6765
384,udkvo9961
1208,iossf9320
1149,xzmei7676
1775,rwsjc4125
177,twslv2264
2040,bethd9321
1578,udkvo9961
2254,seoad8070
1172,cqtyu6709
1552,twslv2264
2939,dsrod9642
2244,iossf9320
1715,bethd9321
2546,xzmei7676
99,tijio5023
555,bgpem2396
139,zfywi3262
1540,bgpem2396
808,tijio5023
1341,zvalj2778
1027,twslv2264
2749,muhas8126
736,zvalj2778
8,udkvo9961
1311,ovgoz8469
2313,gouzr6264
181,bgpem2396
3,vpxpr9912
575,dsrod9642
758,ovgoz8469
633,xzmei7676
2834,gouzr6264
1065,udkvo9961
437,udkvo9961
2898,twslv2264
782,mftmi0176
2626,seoad8070
1781,rwsjc4125
1184,pddye6765
2632,udkvo9961
126,udkvo9961
2664,udkvo9961
253,gouzr6264
1480,dsrod9642
838,rwsjc4125
918,udkvo9961
1627,tijio5023
277,pddye6765
758,xzmei7676
1219,zvalj2778
716,cqtyu6709
1179,bethd9321
939,seoad8070
990,gouzr6264
813,twslv2264
1038,muhas8126
636,bgpem2396
1807,tijio5023
1988,bgpem2396
1508,pddye6765
1325,vpxpr9912
1948,twslv2264
1139,zfywi3262
149,bgpem2396
1566,iossf9320
2235,bgpem2396
768,bethd9321
1765,bethd9321
146,seoad8070
1137,seoad8070
436,zvalj2778
812,seoad8070
1018,zvalj2778
339,ovgoz8469
2377,gouzr6264
2231,pddye6765
213,gouzr6264
2474,dsrod9642
300,xzmei7676
1362,udkvo9961
1173,bgpem2396
2615,muhas8126
2120,muhas8126
804,iossf9320
1792,zfywi3262
336,ovgoz8469
137,zvalj2778
72,cqtyu6709
1922,dsrod9642
2733,rwsjc4125
1016,zfywi3262
1790,udkvo9961
1114,pddye6765
677,iossf9320
939,twslv2264
839,ovgoz8469
2031,tijio5023
1851,vpxpr9912
2303,cqtyu6709
2467,pddye6765
1701,cqtyu6709
1540,xzmei7676
712,zvalj2778
402,cqtyu6709
1832,pddye6765
1773,iossf9320
139,tijio5023
1102,bethd9321
875,rwsjc4125
1014,rwsjc4125
2155,seoad8070
700,muhas8126
1251,rwsjc4125
1225,sxpju3904
1453,pddye6765
1688,xzmei7676
2498,bgpem2396
528,ovgoz8469
1949,dsrod9642
1768,bethd9321
1611,bgpem2396
1926,seoad8070
441,mftmi0176
2914,pddye6765
373,rwsjc4125
1968,pddye6765
1771,ovgoz8469
1909,bgpem2396
1784,vpxpr9912
2258,udkvo9961
2008,twslv2264
2635,pddye6765
697,ovgoz8469
740,xzmei7676
1124,gouzr6264
82,rwsjc4125
2819,sxpju3904
1628,bethd9321
1740,seoad8070
1101,dsrod9642
271,cqtyu6709
699,twslv2264
317,cqtyu6709
271,xzmei7676
2141,muhas8126
1364,iossf9320
1502,gouzr6264
8,xzmei7676
1678,ovgoz8469
395,bethd9321
1308,cqtyu6709
1083,mftmi0176
1211,seoad8070
620,zfywi3262
2325,seoad8070
2131,iossf9320
2276,iossf9320
2037,zvalj2778
302,iossf9320
2496,ovgoz8469
48,mftmi0176
893,dsrod9642
2195,cqtyu6709
2843,zvalj2778
2780,tijio5023
153,zfywi3262
46,cqtyu6709
408,seoad8070
738,twslv2264
509,iossf9320
37,muhas8126
1555,pddye6765
925,bethd9321
683,xzmei7676
1522,rwsjc4125
416,dsrod9642
832,sxpju3904
185,mftmi0176
1981,muhas8126
1880,iossf9320
2497,gouzr6264
1969,sxpju3904
1501,iossf9320
2000,gouzr6264
245,zvalj2778
2521,pddye6765
2738,mftmi0176
55,rwsjc4125
1716,sxpju3904
1899,dsrod9642
2127,cqtyu6709
1004,bethd9321
1078,dsrod9642
1022,tijio5023
2652,muhas8126
911,tijio5023
757,tijio5023
155,bethd9321
517,dsrod9642
2114,twslv2264
1460,zvalj2778
22,cqtyu6709
1755,ovgoz8469
2452,iossf9320
906,seoad8070
1324,iossf9320
2046,ovgoz8469
727,bgpem2396
330,ovgoz8469
2590,udkvo9961
2901,muhas8126
1813,rwsjc4125
616,sxpju3904
1329,vpxpr9912
2782,zvalj2778
2387,sxpju3904
778,pddye6765
300,muhas8126
2804,rwsjc4125
1154,bethd9321
479,zfywi3262
429,iossf9320
1269,sxpju3904
1714,tijio5023
331,tijio5023
2453,twslv2264
1547,seoad8070
1787,zfywi3262
870,dsrod9642
2755,tijio5023
1599,bgpem2396
2481,zfywi3262
2338,seoad8070
2109,dsrod9642
1898,dsrod9642
2557,muhas8126
2778,muhas8126
2116,zvalj2778
482,mftmi0176
2260,pddye6765
2313,mftmi0176
2044,tijio5023
494,sxpju3904
1299,mftmi0176
2086,muhas8126
2565,cqtyu6709
2759,seoad8070
814,seoad8070
2897,muhas8126
2473,bethd9321
733,bethd9321
1892,zfywi3262
1309,muhas8126
2940,cqtyu6709
2557,iossf9320
2140,muhas8126
819,cqtyu6709
159,cqtyu6709
2925,dsrod9642
212,cqtyu6709
554,bethd9321
1371,sxpju3904
30,udkvo9961
1845,seoad8070
984,dsrod9642
1252,dsrod9642
56,rwsjc4125
1027,seoad8070
2212,zvalj2778
1481,pddye6765
1401,gouzr6264
257,twslv2264
2583,zfywi3262
2970,iossf9320
2214,seoad8070
1624,udkvo9961
1648,zfywi3262
2761,twslv2264
1736,muhas8126
1453,bgpem2396
1864,twslv2264
1973,twslv2264
2513,tijio5023
1714,pddye6765
2896,sxpju3904
347,bgpem2396
1659,zfywi3262
1114,mftmi0176
2939,seoad8070
1043,vpxpr9912
2086,sxpju3904
904,udkvo9961
117,pddye6765
2185,vpxpr9912
1955,udkvo9961
2876,ovgoz8469
1781,mftmi0176
1417,zvalj2778
2476,dsrod9642
2786,iossf9320
1348,seoad8070
310,udkvo9961
1765,cqtyu6709
1602,sxpju3904
2279,seoad8070
1878,udkvo9961
491,ovgoz8469
424,sxpju3904
782,sxpju3904
1723,ovgoz8469
2813,ovgoz8469
1730,zfywi3262
1002,gouzr6264
2473,vpxpr9912
354,tijio5023
2801,pddye6765
1608,seoad8070
88,vpxpr9912
1866,bethd9321
1626,sxpju3904
1055,cqtyu6709
2446,bethd9321
1718,twslv2264
493,bethd9321
162,pddye6765
1246,gouzr6264
2391,xzmei7676
1604,iossf9320
2154,zfywi3262
752,ovgoz8469
876,udkvo9961
641,dsrod9642
1908,zvalj2778
254,zvalj2778
2081,seoad8070
1039,zfywi3262
1824,sxpju3904
2255,iossf9320
1235,mftmi0176
990,cqtyu6709
2508,vpxpr9912
457,mftmi0176
731,bethd9321
1725,mftmi0176
1345,udkvo9961
462,iossf9320
2871,bgpem2396
1556,gouzr6264
2986,vpxpr9912
790,pddye6765
1630,cqtyu6709
2415,gouzr6264
1831,udkvo9961
1409,pddye6765
198,vpxpr9912
2762,iossf9320
1325,twslv2264
1452,xzmei7676
197,cqtyu6709
591,mftmi0176
1041,seoad8070
9,rwsjc4125
156,xzmei7676
2058,ovgoz8469
2769,pddye6765
312,cqtyu6709
134,tijio5023
1641,xzmei7676
198,bethd9321
2086,vpxpr9912
1331,pddye6765
933,dsrod9642
401,udkvo9961
1469,pddye6765
2323,vpxpr9912
1025,bgpem2396
1064,seoad8070
34,xzmei7676
1857,seoad8070
973,xzmei7676
684,rwsjc4125
842,ovgoz8469
2304,ovgoz8469
1309,tijio5023
1683,cqtyu6709
2065,sxpju3904
1266,mftmi0176
1386,bethd9321
2522,bethd9321
319,rwsjc4125
2485,vpxpr9912
2406,zfywi3262
2895,iossf9320
978,rwsjc4125
270,cqtyu6709
19,tijio5023
2904,muhas8126
1537,zfywi3262
2992,rwsjc4125
600,ovgoz8469
802,rwsjc4125
1422,ovgoz8469
1974,tijio5023
403,vpxpr9912
591,muhas8126
1118,bgpem2396
1419,sxpju3904
1615,xzmei7676
849,vpxpr9912
2910,iossf9320
774,gouzr6264
1869,tijio5023
2293,twslv2264
1741,cqtyu6709
489,bgpem2396
2722,zvalj2778
1149,gouzr6264
1573,gouzr6264
2616,cqtyu6709
964,pddye6765
1238,zvalj2778
2264,zfywi3262
1704,twslv2264
305,pddye6765
1666,vpxpr9912
1432,ovgoz8469
1847,pddye6765
1360,rwsjc4125
716,xzmei7676
1230,bethd9321
2295,muhas8126
2105,dsrod9642
2531,rwsjc4125
312,bethd9321
452,pddye6765
1345,dsrod9642
1061,zvalj2778
2045,tijio5023
2985,zvalj2778
2805,ovgoz8469
679,iossf9320
1265,rwsjc4125
2754,udkvo9961
2342,sxpju3904
2394,cqtyu6709
2172,pddye6765
32,iossf9320
2236,zvalj2778
2440,rwsjc4125
355,twslv2264
1173,muhas8126
619,iossf9320
2189,vpxpr9912
444,seoad8070
2335,muhas8126
1743,udkvo9961
894,tijio5023
466,cqtyu6709
2213,xzmei7676
68,rwsjc4125
1624,cqtyu6709
673,tijio5023
1921,ovgoz8469
992,rwsjc4125
1998,ovgoz8469
2376,muhas8126
153,bethd9321
503,sxpju3904
1866,vpxpr9912
2199,udkvo9961
650,gouzr6264
1061,xzmei7676
17,rwsjc4125
126,twslv2264
1673,bgpem2396
682,udkvo9961
1767,pddye6765
1757,dsrod9642
2380,pddye6765
2437,zvalj2778
1399,seoad8070
1999,rwsjc4125
818,gouzr6264
1861,mftmi0176
1580,bethd9321
1844,iossf9320
239,dsrod9642
687,gouzr6264
1092,gouzr6264
2541,seoad8070
2214,sxpju3904
390,twslv2264
2580,mftmi0176
181,xzmei7676
2819,udkvo9961
2711,tijio5023
964,bethd9321
1964,zfywi3262
1157,xzmei7676
356,gouzr6264
517,rwsjc4125
1390,gouzr6264
1273,bethd9321
436,bethd9321
355,bgpem2396
2392,seoad8070
2337,dsrod9642
897,ovgoz8469
1365,iossf9320
1828,rwsjc4125
2168,udkvo9961
1115,bgpem2396
745,sxpju3904
274,zfywi3262
1869,zfywi3262
833,pddye6765
1353,rwsjc4125
271,gouzr6264
341,pddye6765
663,mftmi0176
1832,twslv2264
911,mftmi0176
876,twslv2264
1618,sxpju3904
2213,bgpem2396
1016,twslv2264
688,xzmei7676
368,sxpju3904
168,vpxpr9912
2368,dsrod9642
308,mftmi0176
2495,sxpju3904
863,twslv2264
608,tijio5023
982,cqtyu6709
564,bethd9321
87,seoad8070
322,ovgoz8469
2965,xzmei7676
2568,muhas8126
2535,sxpju3904
2386,ovgoz8469
1957,iossf9320
261,bethd9321
789,tijio5023
632,bgpem2396
2600,tijio5023
1641,zvalj2778
1867,mftmi0176
2567,zvalj2778
1331,vpxpr9912
2591,xzmei7676
2972,vpxpr9912
353,udkvo9961
1573,zvalj2778
1933,tijio5023
1843,ovgoz8469
2113,rwsjc4125
1535,zvalj2778
609,dsrod9642
2849,mftmi0176
2403,mftmi0176
60,cqtyu6709
2822,ovgoz8469
2298,mftmi0176
875,cqtyu6709
129,ovgoz8469
920,seoad8070
2279,cqtyu6709
2637,vpxpr9912
1991,bethd9321
1605,dsrod9642
1862,cqtyu6709
689,iossf9320
2224,cqtyu6709
2701,zvalj2778
1538,vpxpr9912
971,seoad8070
592,twslv2264
200,bgpem2396
1469,bgpem2396
130,gouzr6264
2109,rwsjc4125
621,sxpju3904
1339,xzmei7676
1963,zvalj2778
2411,ovgoz8469
2918,tijio5023
2509,zfywi3262
718,pddye6765
2341,bgpem2396
164,mftmi0176
1565,zvalj2778
1027,udkvo9961
2472,vpxpr9912
135,mftmi0176
2442,bethd9321
113,tijio5023
1311,gouzr6264
1569,muhas8126
2911,ovgoz8469
1195,mftmi0176
943,muhas8126
2499,udkvo9961
455,cqtyu6709
2610,mftmi0176
1045,bethd9321
2378,zvalj2778
385,udkvo9961
1093,bethd9321
2450,seoad8070
2004,tijio5023
2472,bgpem2396
2958,pddye6765
754,vpxpr9912
315,udkvo9961
354,zvalj2778
552,rwsjc4125
2930,dsrod9642
1040,rwsjc4125
616,cqtyu6709
2302,ovgoz8469
2398,bgpem2396
2981,rwsjc4125
613,bgpem2396
2023,seoad8070
2655,pddye6765
2293,bgpem2396
1918,iossf9320
1794,iossf9320
1265,mftmi0176
598,pddye6765
2643,mftmi0176
1708,ovgoz8469
813,mftmi0176
71,zvalj2778
1873,dsrod9642
1170,twslv2264
1344,bgpem2396
2766,twslv2264
33,mftmi0176
1082,iossf9320
2790,xzmei7676
2441,sxpju3904
147,xzmei7676
317,xzmei7676
2982,twslv2264
994,cqtyu6709
1751,zvalj2778
1219,ovgoz8469
28,zfywi3262
257,mftmi0176
525,vpxpr9912
2650,bethd9321
1108,pddye6765
1453,seoad8070
2717,sxpju3904
95,cqtyu6709
113,muhas8126
953,iossf9320
911,dsrod9642
1820,muhas8126
22,zfywi3262
201,gouzr6264
882,cqtyu6709
1775,zfywi3262
2456,rwsjc4125
2698,zfywi3262
968,pddye6765
54,gouzr6264
513,cqtyu6709
1858,rwsjc4125
1750,zfywi3262
2172,bethd9321
1726,udkvo9961
1267,ovgoz8469
1706,cqtyu6709
2176,tijio5023
2822,muhas8126
456,zfywi3262
59,udkvo9961
772,seoad8070
2909,xzmei7676
2743,muhas8126
2109,bgpem2396
711,bgpem2396
946,tijio5023
1057,zfywi3262
1512,sxpju3904
892,pddye6765
1612,seoad8070
261,pddye6765
2641,iossf9320
1599,muhas8126
571,dsrod9642
2717,twslv2264
164,pddye6765
1823,zfywi3262
9,twslv2264
1553,muhas8126
2837,sxpju3904
2268,udkvo9961
2838,mftmi0176
772,mftmi0176
136,twslv2264
2115,twslv2264
334,pddye6765
2735,xzmei7676
2262,cqtyu6709
2768,seoad8070
2944,tijio5023
36,rwsjc4125
2255,zvalj2778
2784,twslv2264
1081,dsrod9642
286,udkvo9961
1112,zfywi3262
518,xzmei7676
946,pddye6765
2078,pddye6765
2405,mftmi0176
1859,iossf9320
698,pddye6765
705,tijio5023
1721,sxpju3904
1170,vpxpr9912
3000,zvalj2778
2220,bethd9321
1563,sxpju3904
1238,pddye6765
2670,vpxpr9912
1087,muhas8126
855,twslv2264
1246,mftmi0176
1681,vpxpr9912
1861,iossf9320
2661,zvalj2778
2285,bgpem2396
1471,seoad8070
2780,mftmi0176
231,xzmei7676
1359,bethd9321
1844,bgpem2396
2382,seoad8070
115,muhas8126
822,cqtyu6709
1281,iossf9320
2981,tijio5023
1261,gouzr6264
1478,mftmi0176
1086,seoad8070
497,seoad8070
1810,cqtyu6709
2266,rwsjc4125
2522,sxpju3904
2541,muhas8126
1694,udkvo9961
2424,zvalj2778
2880,sxpju3904
2000,dsrod9642
2120,tijio5023
1398,ovgoz8469
1358,rwsjc4125
1486,udkvo9961
1588,dsrod9642
2436,pddye6765
577,udkvo9961
1993,cqtyu6709
269,vpxpr9912
2839,rwsjc4125
686,ovgoz8469
2978,bgpem2396
2327,xzmei7676
2243,muhas8126
187,bgpem2396
698,ovgoz8469
2995,twslv2264
1860,twslv2264
2202,ovgoz8469
1128,mftmi0176
2782,zfywi3262
569,muhas8126
1723,iossf9320
171,bethd9321
2043,zfywi3262
1184,iossf9320
405,zfywi3262
2239,bgpem2396
1507,bgpem2396
378,pddye6765
1476,zfywi3262
1221,dsrod9642
915,rwsjc4125
1071,muhas8126
771,sxpju3904
105,gouzr6264
388,dsrod9642
1565,sxpju3904
1494,mftmi0176
301,dsrod9642
2965,cqtyu6709
871,vpxpr9912
2888,udkvo9961
553,seoad8070
2134,sxpju3904
696,twslv2264
2368,tijio5023
1903,rwsjc4125
2517,zfywi3262
1679,gouzr6264
2492,sxpju3904
1267,pddye6765
2245,sxpju3904
2100,twslv2264
404,bethd9321
234,zvalj2778
789,sxpju3904
2277,sxpju3904
1030,tijio5023
1430,rwsjc4125
173,bgpem2396
854,twslv2264
2725,tijio5023
1448,xzmei7676
1988,dsrod9642
2563,bethd9321
1139,pddye6765
1888,vpxpr9912
2095,mftmi0176
1692,udkvo9961
2554,ovgoz8469
614,sxpju3904
281,rwsjc4125
1772,bethd9321
869,udkvo9961
1012,bethd9321
1244,ovgoz8469
1837,zfywi3262
2584,muhas8126
2832,mftmi0176
366,zfywi3262
68,muhas8126
1749,muhas8126
2057,vpxpr9912
1535,gouzr6264
1665,bethd9321
1712,rwsjc4125
1187,mftmi0176
1045,vpxpr9912
430,cqtyu6709
2772,twslv2264
2420,cqtyu6709
2083,bethd9321
1789,xzmei7676
2445,zvalj2778
2330,bethd9321
778,bethd9321
2763,cqtyu6709
1971,vpxpr9912
1908,rwsjc4125
1968,iossf9320
2877,muhas8126
1002,bethd9321
2168,ovgoz8469
944,zvalj2778
941,gouzr6264
1005,cqtyu6709
1928,zfywi3262
1366,tijio5023
1287,zfywi3262
924,dsrod9642
954,ovgoz8469
1289,bethd9321
2923,pddye6765
1216,seoad8070
2877,mftmi0176
1329,muhas8126
1722,udkvo9961
762,zvalj2778
802,xzmei7676
1314,cqtyu6709
21,gouzr6264
506,xzmei7676
2681,zfywi3262
2750,udkvo9961
1860,ovgoz8469
1127,twslv2264
2980,gouzr6264
2786,pddye6765
460,pddye6765
2271,cqtyu6709
861,xzmei7676
745,ovgoz8469
2115,bethd9321
354,zfywi3262
1237,bethd9321
2951,seoad8070
2074,udkvo9961
1413,rwsjc4125
578,ovgoz8469
2114,bethd9321
1762,mftmi0176
1913,udkvo9961
247,rwsjc4125
2511,cqtyu6709
2560,rwsjc4125
2934,ovgoz8469
1643,ovgoz8469
1579,iossf9320
867,mftmi0176
2134,cqtyu6709
659,vpxpr9912
1330,zvalj2778
2188,zfywi3262
2522,rwsjc4125
579,ovgoz8469
2272,zvalj2778
2487,vpxpr9912
382,sxpju3904
1992,mftmi0176
2727,tijio5023
1580,seoad8070
1383,dsrod9642
2839,bethd9321
1782,pddye6765
253,udkvo9961
1448,cqtyu6709
2275,mftmi0176
533,twslv2264
1969,dsrod9642
2780,sxpju3904
2880,xzmei7676
1986,udkvo9961
2674,vpxpr9912
1407,xzmei7676
2792,iossf9320
1341,muhas8126
78,zvalj2778
688,udkvo9961
1559,zfywi3262
1338,vpxpr9912
1476,ovgoz8469
623,bethd9321
7,dsrod9642
619,xzmei7676
977,zvalj2778
1332,xzmei7676
2275,bgpem2396
2490,udkvo9961
648,dsrod9642
2112,iossf9320
1338,seoad8070
1941,dsrod9642
2579,twslv2264
159,twslv2264
907,zfywi3262
2387,cqtyu6709
1186,muhas8126
2308,cqtyu6709
2445,rwsjc4125
263,gouzr6264
262,xzmei7676
1998,tijio5023
1259,sxpju3904
2388,xzmei7676
298,zvalj2778
89,twslv2264
226,twslv2264
890,gouzr6264
458,mftmi0176
259,tijio5023
1569,dsrod9642
2427,dsrod9642
291,twslv2264
277,bgpem2396
2409,mftmi0176
2523,iossf9320
2834,muhas8126
2728,seoad8070
364,gouzr6264
972,bgpem2396
2126,pddye6765
564,gouzr6264
1434,tijio5023
2509,bethd9321
1409,muhas8126
284,xzmei7676
1710,dsrod9642
2296,zfywi3262
1373,vpxpr9912
2547,sxpju3904
1020,gouzr6264
2194,muhas8126
1709,ovgoz8469
627,xzmei7676
655,vpxpr9912
319,bgpem2396
2035,zvalj2778
1338,bethd9321
1606,zfywi3262
11,cqtyu6709
825,vpxpr9912
813,xzmei7676
2389,pddye6765
2038,xzmei7676
1487,seoad8070
1937,iossf9320
1573,rwsjc4125
2691,udkvo9961
973,bethd9321
1204,tijio5023
438,tijio5023
1300,twslv2264
2500,tijio5023
328,sxpju3904
2909,seoad8070
1727,xzmei7676
1916,zvalj2778
2132,bgpem2396
1917,ovgoz8469
437,pddye6765
1085,dsrod9642
2978,zfywi3262
1751,tijio5023
990,bethd9321
2349,bethd9321
357,muhas8126
2647,vpxpr9912
1013,rwsjc4125
1632,bgpem2396
218,cqtyu6709
1963,tijio5023
2122,bgpem2396
2107,zfywi3262
153,mftmi0176
1669,muhas8126
2714,bgpem2396
584,sxpju3904
1674,tijio5023
657,dsrod9642
2102,zvalj2778
791,udkvo9961
583,udkvo9961
1452,pddye6765
2124,tijio5023
620,zvalj2778
2717,gouzr6264
354,sxpju3904
1110,rwsjc4125
1188,dsrod9642
2298,seoad8070
843,rwsjc4125
1902,gouzr6264
1071,rwsjc4125
625,bgpem2396
1168,ovgoz8469
1593,cqtyu6709
2568,udkvo9961
546,bethd9321
2638,mftmi0176
1068,mftmi0176
2911,bethd9321
2210,rwsjc4125
1152,bgpem2396
2728,cqtyu6709
1874,tijio5023
2671,rwsjc4125
1376,iossf9320
1634,tijio5023
1002,udkvo9961
114,cqtyu6709
649,tijio5023
1383,seoad8070
141,rwsjc4125
1650,udkvo9961
582,twslv2264
2712,udkvo9961
239,pddye6765
357,ovgoz8469
1660,tijio5023
1255,tijio5023
2421,bgpem2396
572,dsrod9642
2062,zfywi3262
848,rwsjc4125
2878,bethd9321
789,udkvo9961
984,bethd9321
2615,bethd9321
703,rwsjc4125
100,vpxpr9912
557,tijio5023
549,ovgoz8469
1182,cqtyu6709
1688,sxpju3904
549,iossf9320
2766,sxpju3904
808,ovgoz8469
414,bgpem2396
1274,rwsjc4125
468,tijio5023
1801,bgpem2396
2486,sxpju3904
2255,pddye6765
2480,zfywi3262
232,zfywi3262
1819,twslv2264
1273,ovgoz8469
2887,iossf9320
539,tijio5023
745,mftmi0176
826,udkvo9961
1426,gouzr6264
747,tijio5023
404,cqtyu6709
2092,gouzr6264
1865,udkvo9961
1086,zfywi3262
516,pddye6765
2566,xzmei7676
1585,cqtyu6709
1143,cqtyu6709
857,iossf9320
2623,sxpju3904
841,iossf9320
2377,tijio5023
672,zfywi3262
683,dsrod9642
897,bgpem2396
1187,sxpju3904
2666,udkvo9961
1687,gouzr6264
1020,tijio5023
2066,twslv2264
1185,gouzr6264
2895,tijio5023
213,xzmei7676
2470,mftmi0176
1769,zfywi3262
754,bgpem2396
2574,seoad8070
1046,twslv2264
2436,zvalj2778
584,bethd9321
253,iossf9320
1698,iossf9320
804,sxpju3904
2222,iossf9320
163,bethd9321
615,xzmei7676
1519,twslv2264
491,pddye6765
866,ovgoz8469
953,muhas8126
415,zvalj2778
2411,pddye6765
2445,pddye6765
2156,tijio5023
347,dsrod9642
1496,twslv2264
2617,gouzr6264
188,bgpem2396
1809,udkvo9961
210,tijio5023
922,zvalj2778
1927,sxpju3904
2145,cqtyu6709
788,pddye6765
2444,sxpju3904
907,dsrod9642
512,zfywi3262
1025,dsrod9642
295,bethd9321
1323,vpxpr9912
648,pddye6765
456,zvalj2778
2918,sxpju3904
2777,twslv2264
27,cqtyu6709
2459,iossf9320
1189,seoad8070
2707,xzmei7676
78,twslv2264
1294,twslv2264
1350,twslv2264
2651,sxpju3904
2840,xzmei7676
2888,seoad8070
896,udkvo9961
679,dsrod9642
2731,vpxpr9912
1376,twslv2264
769,xzmei7676
224,vpxpr9912
2976,rwsjc4125
2849,ovgoz8469
526,mftmi0176
373,seoad8070
738,zfywi3262
2677,mftmi0176
1523,mftmi0176
317,gouzr6264
2051,xzmei7676
2907,mftmi0176
1690,sxpju3904
2146,udkvo9961
335,udkvo9961
2796,gouzr6264
2020,iossf9320
2500,bethd9321
2523,zfywi3262
2429,xzmei7676
615,bethd9321
769,mftmi0176
2702,zfywi3262
562,mftmi0176
1876,tijio5023
2555,dsrod9642
1586,twslv2264
1419,ovgoz8469
323,bgpem2396
82,twslv2264
1469,vpxpr9912
994,vpxpr9912
914,udkvo9961
2342,zvalj2778
2252,ovgoz8469
1892,rwsjc4125
1679,muhas8126
1509,gouzr6264
1666,dsrod9642
2620,bgpem2396
193,xzmei7676
597,zvalj2778
2475,mftmi0176
978,dsrod9642
820,muhas8126
579,zvalj2778
2249,udkvo9961
858,zfywi3262
158,sxpju3904
1069,xzmei7676
381,zfywi3262
123,rwsjc4125
220,dsrod9642
1711,muhas8126
1269,mftmi0176
1342,zfywi3262
2556,tijio5023
2914,seoad8070
1475,vpxpr9912
2211,ovgoz8469
1391,vpxpr9912
2210,vpxpr9912
1381,pddye6765
1982,tijio5023
1270,dsrod9642
504,mftmi0176
2672,muhas8126
2484,iossf9320
656,gouzr6264
1870,ovgoz8469
2881,vpxpr9912
491,iossf9320
1521,cqtyu6709
1194,ovgoz8469
218,gouzr6264
2161,iossf9320
112,seoad8070
20,twslv2264
2993,cqtyu6709
2115,xzmei7676
2867,vpxpr9912
1343,sxpju3904
1144,zfywi3262
1389,mftmi0176
772,tijio5023
2793,muhas8126
636,zfywi3262
1023,udkvo9961
2441,pddye6765
730,bgpem2396
1866,xzmei7676
2392,iossf9320
1698,mftmi0176
1183,pddye6765
709,muhas8126
2616,zfywi3262
623,udkvo9961
1311,cqtyu6709
333,tijio5023
422,udkvo9961
2705,sxpju3904
1167,rwsjc4125
638,muhas8126
1712,twslv2264
1111,rwsjc4125
2975,gouzr6264
852,vpxpr9912
867,ovgoz8469
2966,zvalj2778
1940,dsrod9642
2704,tijio5023
347,vpxpr9912
1071,iossf9320
702,zvalj2778
1491,pddye6765
2618,seoad8070
574,muhas8126
2052,iossf9320
416,gouzr6264
2675,rwsjc4125
823,rwsjc4125
318,seoad8070
2668,zfywi3262
2556,bgpem2396
1904,xzmei7676
1,muhas8126
1931,bgpem2396
194,mftmi0176
271,mftmi0176
1745,mftmi0176
1346,dsrod9642
1759,muhas8126
2342,muhas8126
1559,sxpju3904
1296,seoad8070
275,rwsjc4125
1011,udkvo9961
1419,bethd9321
1948,muhas8126
794,vpxpr9912
2702,tijio5023
1889,dsrod9642
1010,vpxpr9912
1736,zvalj2778
828,sxpju3904
300,dsrod9642
888,iossf9320
2182,ovgoz8469
410,gouzr6264
1235,xzmei7676
1184,sxpju3904
1921,udkvo9961
1019,vpxpr9912
1631,cqtyu6709
1352,dsrod9642
2912,pddye6765
276,mftmi0176
2734,cqtyu6709
290,ovgoz8469
542,rwsjc4125
2763,muhas8126
1374,udkvo9961
1713,muhas8126
2594,ovgoz8469
436,bgpem2396
1643,zvalj2778
2280,xzmei7676
2241,tijio5023
2457,twslv2264
729,iossf9320
2618,pddye6765
2769,gouzr6264
17,bgpem2396
1576,muhas8126
2610,vpxpr9912
2747,bethd9321
2959,sxpju3904
394,zfywi3262
2408,xzmei7676
1891,ovgoz8469
645,xzmei7676
2196,vpxpr9912
157,gouzr6264
2678,bethd9321
269,bgpem2396
86,bgpem2396
2650,muhas8126
766,rwsjc4125
2027,rwsjc4125
2438,twslv2264
183,bgpem2396
699,gouzr6264
409,tijio5023
2078,muhas8126
841,ovgoz8469
4,xzmei7676
1338,gouzr6264
1847,zfywi3262
646,pddye6765
2843,mftmi0176
2186,tijio5023
62,dsrod9642
2693,seoad8070
716,ovgoz8469
1237,vpxpr9912
2648,sxpju3904
2879,pddye6765
1108,udkvo9961
1962,zfywi3262
1458,gouzr6264
953,pddye6765
691,twslv2264
1536,mftmi0176
1127,cqtyu6709
1386,tijio5023
2878,tijio5023
1515,vpxpr9912
1498,tijio5023
1369,bgpem2396
775,twslv2264
2187,pddye6765
1215,rwsjc4125
1178,twslv2264
1771,udkvo9961
1794,zfywi3262
1544,zfywi3262
321,udkvo9961
2461,xzmei7676
1146,mftmi0176
1877,seoad8070
1470,seoad8070
1987,seoad8070
875,gouzr6264
758,muhas8126
1364,zvalj2778
1967,iossf9320
107,vpxpr9912
384,gouzr6264
989,zvalj2778
133,gouzr6264
2755,zvalj2778
940,bgpem2396
1691,dsrod9642
2469,ovgoz8469
1335,bethd9321
1465,zvalj2778
2127,xzmei7676
2612,pddye6765
2563,bgpem2396
272,vpxpr9912
2479,pddye6765
1782,udkvo9961
370,bgpem2396
293,bethd9321
2186,cqtyu6709
2932,mftmi0176
878,xzmei7676
1066,vpxpr9912
75,bethd9321
2937,twslv2264
48,bgpem2396
1632,gouzr6264
2260,seoad8070
2274,sxpju3904
229,twslv2264
153,iossf9320
1513,seoad8070
918,iossf9320
748,mftmi0176
780,sxpju3904
993,sxpju3904
2022,udkvo9961
874,sxpju3904
47,udkvo9961
1221,seoad8070
428,xzmei7676
76,dsrod9642
960,bethd9321
1060,mftmi0176
1052,seoad8070
1380,gouzr6264
1900,vpxpr9912
1176,cqtyu6709
1867,pddye6765
1915,udkvo9961
1525,rwsjc4125
2979,gouzr6264
1393,zfywi3262
1300,ovgoz8469
1469,xzmei7676
1485,rwsjc4125
2496,pddye6765
133,iossf9320
617,mftmi0176
2547,bethd9321
1001,dsrod9642
2339,iossf9320
1403,muhas8126
2926,zfywi3262
1769,twslv2264
2480,dsrod9642
1568,mftmi0176
428,muhas8126
1498,seoad8070
1916,rwsjc4125
1947,udkvo9961
2323,zfywi3262
1247,zvalj2778
1660,bethd9321
1708,xzmei7676
2339,mftmi0176
1867,bethd9321
610,sxpju3904
510,mftmi0176
1482,muhas8126
2588,pddye6765
1034,xzmei7676
223,rwsjc4125
2326,pddye6765
962,cqtyu6709
1960,udkvo9961
867,rwsjc4125
2748,tijio5023
1407,udkvo9961
66,dsrod9642
1636,xzmei7676
2639,ovgoz8469
1354,tijio5023
827,cqtyu6709
1668,udkvo9961
1505,mftmi0176
1192,rwsjc4125
334,udkvo9961
1555,iossf9320
627,bgpem2396
2460,cqtyu6709
2536,twslv2264
1446,mftmi0176
621,iossf9320
866,pddye6765
2328,gouzr6264
1224,twslv2264
2809,vpxpr9912
989,seoad8070
2553,bgpem2396
2788,bgpem2396
1183,ovgoz8469
2861,pddye6765
1503,twslv2264
2433,bethd9321
1947,rwsjc4125
992,zvalj2778
1550,pddye6765
641,zvalj2778
156,iossf9320
1196,gouzr6264
2027,zfywi3262
715,udkvo9961
2547,gouzr6264
466,zfywi3262
964,dsrod9642
1861,dsrod9642
337,pddye6765
2833,cqtyu6709
2551,gouzr6264
1365,udkvo9961
124,vpxpr9912
185,twslv2264
2307,cqtyu6709
648,bgpem2396
2770,mftmi0176
2196,bgpem2396
2,bethd9321
1570,bgpem2396
325,cqtyu6709
2641,ovgoz8469
127,cqtyu6709
2247,ovgoz8469
593,ovgoz8469
1182,rwsjc4125
2879,bgpem2396
1998,zfywi3262
2668,mftmi0176
2213,seoad8070
124,cqtyu6709
2752,twslv2264
2257,mftmi0176
2938,cqtyu6709
152,muhas8126
462,sxpju3904
2526,dsrod9642
1536,muhas8126
1181,muhas8126
960,muhas8126
1386,udkvo9961
47,muhas8126
601,pddye6765
2114,sxpju3904
1744,twslv2264
1490,iossf9320
825,xzmei7676
201,rwsjc4125
1120,udkvo9961
1670,bethd9321
284,bgpem2396
1047,xzmei7676
293,twslv2264
1202,iossf9320
1698,zvalj2778
701,seoad8070
254,xzmei7676
1438,twslv2264
105,bethd9321
255,xzmei7676
2648,vpxpr9912
198,bgpem2396
403,bethd9321
1812,cqtyu6709
2209,sxpju3904
1589,rwsjc4125
1217,xzmei7676
2646,mftmi0176
1298,sxpju3904
1588,ovgoz8469
836,vpxpr9912
1173,ovgoz8469
622,mftmi0176
2615,rwsjc4125
2743,zvalj2778
2566,iossf9320
2557,gouzr6264
931,sxpju3904
1851,sxpju3904
2641,zfywi3262
1107,tijio5023
429,sxpju3904
40,dsrod9642
2020,sxpju3904
1596,xzmei7676
149,sxpju3904
2866,udkvo9961
550,twslv2264
1475,udkvo9961
821,vpxpr9912
482,bgpem2396
1555,rwsjc4125
363,sxpju3904
2645,cqtyu6709
2765,iossf9320
1632,zvalj2778
456,vpxpr9912
1705,udkvo9961
2513,muhas8126
492,bgpem2396
805,zfywi3262
500,muhas8126
1210,dsrod9642
2677,seoad8070
720,iossf9320
2429,tijio5023
1423,seoad8070
2960,bgpem2396
2572,pddye6765
1391,iossf9320
200,ovgoz8469
1743,muhas8126
2735,seoad8070
1142,twslv2264
2101,ovgoz8469
2935,seoad8070
2102,pddye6765
2612,rwsjc4125
1502,tijio5023
1505,vpxpr9912
1756,bethd9321
2010,mftmi0176
1727,udkvo9961
225,zvalj2778
344,twslv2264
2295,bgpem2396
57,mftmi0176
992,seoad8070
2146,muhas8126
1111,dsrod9642
1550,dsrod9642
48,tijio5023
1144,iossf9320
1250,muhas8126
738,mftmi0176
1813,pddye6765
1406,gouzr6264
80,bgpem2396
2214,zvalj2778
630,twslv2264
151,pddye6765
2375,muhas8126
2020,cqtyu6709
1104,rwsjc4125
1673,seoad8070
2864,gouzr6264
1246,zvalj2778
752,xzmei7676
1889,seoad8070
1789,bethd9321
1042,iossf9320
1173,dsrod9642
2522,iossf9320
1722,tijio5023
876,zvalj2778
1440,dsrod9642
482,vpxpr9912
782,pddye6765
227,zvalj2778
334,bgpem2396
670,dsrod9642
2799,mftmi0176
865,sxpju3904
2926,ovgoz8469
1781,bgpem2396
2428,muhas8126
2323,rwsjc4125
256,vpxpr9912
108,pddye6765
2721,zfywi3262
1937,zvalj2778
518,gouzr6264
2699,twslv2264
718,dsrod9642
2993,ovgoz8469
1042,xzmei7676
623,mftmi0176
99,udkvo9961
2982,gouzr6264
19,mftmi0176
2406,zvalj2778
1140,zfywi3262
1372,bethd9321
2851,zfywi3262
439,pddye6765
459,iossf9320
2673,mftmi0176
1916,iossf9320
2133,zvalj2778
2498,dsrod9642
1442,mftmi0176
2293,tijio5023
557,gouzr6264
145,udkvo9961
931,muhas8126
2517,ovgoz8469
294,udkvo9961
2566,bgpem2396
2217,sxpju3904
1300,udkvo9961
1515,seoad8070
1476,rwsjc4125
1102,seoad8070
735,zvalj2778
755,seoad8070
150,bethd9321
2320,ovgoz8469
2626,iossf9320
2420,sxpju3904
826,xzmei7676
1481,zvalj2778
1326,ovgoz8469
2203,muhas8126
2738,sxpju3904
2573,tijio5023
2071,muhas8126
1265,zvalj2778
298,mftmi0176
2441,cqtyu6709
1780,ovgoz8469
1725,muhas8126
1273,cqtyu6709
2097,cqtyu6709
1001,xzmei7676
1073,sxpju3904
2392,sxpju3904
1140,cqtyu6709
1937,ovgoz8469
919,ovgoz8469
630,bgpem2396
135,vpxpr9912
891,ovgoz8469
896,bethd9321
240,pddye6765
1270,ovgoz8469
1347,udkvo9961
2015,zvalj2778
2583,bethd9321
1283,dsrod9642
242,xzmei7676
642,ovgoz8469
409,cqtyu6709
2722,seoad8070
2556,seoad8070
2980,bethd9321
608,dsrod9642
1659,rwsjc4125
2565,seoad8070
2909,muhas8126
2143,dsrod9642
739,dsrod9642
305,bethd9321
2158,xzmei7676
1584,udkvo9961
1176,twslv2264
899,ovgoz8469
1408,bethd9321
2707,zvalj2778
1161,xzmei7676
481,zfywi3262
500,rwsjc4125
1859,pddye6765
734,muhas8126
400,dsrod9642
1391,mftmi0176
2389,rwsjc4125
59,mftmi0176
1077,muhas8126
608,sxpju3904
2940,vpxpr9912
2753,twslv2264
1518,zvalj2778
2989,zfywi3262
991,rwsjc4125
2339,sxpju3904
952,muhas8126
961,ovgoz8469
477,tijio5023
249,gouzr6264
103,vpxpr9912
295,iossf9320
139,seoad8070
1941,vpxpr9912
2177,gouzr6264
1412,seoad8070
1572,gouzr6264
430,twslv2264
2188,gouzr6264
946,dsrod9642
2342,pddye6765
848,vpxpr9912
477,twslv2264
2907,twslv2264
1164,sxpju3904
509,vpxpr9912
2800,seoad8070
407,dsrod9642
1645,twslv2264
516,zvalj2778
784,cqtyu6709
1582,zfywi3262
2920,twslv2264
2460,zfywi3262
338,mftmi0176
480,seoad8070
390,muhas8126
911,vpxpr9912
2082,vpxpr9912
2357,zfywi3262
1048,twslv2264
450,mftmi0176
2349,ovgoz8469
946,zvalj2778
173,iossf9320
1295,muhas8126
2009,bgpem2396
1590,twslv2264
2110,xzmei7676
62,bethd9321
2727,dsrod9642
2776,gouzr6264
432,zvalj2778
940,ovgoz8469
891,pddye6765
303,tijio5023
2271,twslv2264
1004,tijio5023
1466,mftmi0176
2138,vpxpr9912
873,ovgoz8469
319,zvalj2778
1373,bgpem2396
1908,cqtyu6709
1598,muhas8126
2100,muhas8126
1681,xzmei7676
1971,tijio5023
567,cqtyu6709
1330,twslv2264
933,udkvo9961
2102,sxpju3904
2980,mftmi0176
1017,bgpem2396
309,tijio5023
1014,udkvo9961
2824,tijio5023
2629,sxpju3904
56,xzmei7676
194,pddye6765
2173,bethd9321
163,tijio5023
1654,seoad8070
1935,sxpju3904
1637,zfywi3262
1876,mftmi0176
172,rwsjc4125
965,iossf9320
2705,xzmei7676
2938,vpxpr9912
755,mftmi0176
2623,cqtyu6709
1880,dsrod9642
2201,tijio5023
919,vpxpr9912
2470,zfywi3262
1887,sxpju3904
986,xzmei7676
366,bgpem2396
2689,xzmei7676
748,udkvo9961
1279,muhas8126
53,mftmi0176
2976,pddye6765
2662,muhas8126
2534,vpxpr9912
797,rwsjc4125
2903,zfywi3262
765,iossf9320
949,sxpju3904
1203,twslv2264
1133,zvalj2778
2151,bethd9321
2399,mftmi0176
1775,tijio5023
2235,twslv2264
2690,tijio5023
447,zfywi3262
1035,dsrod9642
2717,mftmi0176
702,xzmei7676
157,vpxpr9912
251,seoad8070
1360,vpxpr9912
1382,vpxpr9912
818,bethd9321
2052,tijio5023
1033,xzmei7676
1210,vpxpr9912
2668,muhas8126
834,seoad8070
880,udkvo9961
1604,zfywi3262
1866,twslv2264
1629,xzmei7676
528,sxpju3904
1400,pddye6765
1855,udkvo9961
1976,zfywi3262
2501,tijio5023
1049,seoad8070
1418,vpxpr9912
796,iossf9320
2425,twslv2264
2813,iossf9320
397,dsrod9642
1271,iossf9320
1494,sxpju3904
2845,ovgoz8469
399,rwsjc4125
2020,vpxpr9912
2507,pddye6765
1157,tijio5023
1081,ovgoz8469
2875,dsrod9642
1546,dsrod9642
176,seoad8070
2823,bgpem2396
2375,iossf9320
1283,iossf9320
2850,udkvo9961
2548,zfywi3262
179,cqtyu6709
1579,zfywi3262
2502,udkvo9961
1513,bethd9321
1714,muhas8126
1928,tijio5023
2087,zfywi3262
840,dsrod9642
2900,gouzr6264
2742,rwsjc4125
2860,rwsjc4125
1891,rwsjc4125
259,vpxpr9912
79,tijio5023
213,cqtyu6709
145,vpxpr9912
593,vpxpr9912
352,udkvo9961
2379,cqtyu6709
395,bgpem2396
2734,tijio5023
1555,dsrod9642
2059,xzmei7676
2678,xzmei7676
315,bethd9321
2177,zfywi3262
215,sxpju3904
2410,dsrod9642
1689,ovgoz8469
2869,cqtyu6709
1619,dsrod9642
98,xzmei7676
1326,gouzr6264
2057,bgpem2396
1226,bethd9321
2244,cqtyu6709
1501,muhas8126
1866,muhas8126
2377,zvalj2778
2250,rwsjc4125
576,twslv2264
674,xzmei7676
1918,rwsjc4125
1554,iossf9320
571,iossf9320
177,cqtyu6709
1723,cqtyu6709
1656,seoad8070
1902,iossf9320
2945,gouzr6264
1873,sxpju3904
2253,cqtyu6709
1227,muhas8126
2814,bgpem2396
230,dsrod9642
1938,gouzr6264
1300,zfywi3262
2205,sxpju3904
1910,gouzr6264
2153,twslv2264
2666,dsrod9642
819,udkvo9961
523,zvalj2778
1993,zfywi3262
1127,muhas8126
1631,twslv2264
1752,dsrod9642
80,bethd9321
283,zvalj2778
1580,zfywi3262
2946,dsrod9642
2503,twslv2264
1829,rwsjc4125
387,tijio5023
2964,xzmei7676
358,pddye6765
657,udkvo9961
483,iossf9320
2569,tijio5023
678,bgpem2396
2619,muhas8126
618,xzmei7676
1193,mftmi0176
837,vpxpr9912
2987,sxpju3904
444,zfywi3262
824,gouzr6264
2631,bethd9321
1284,ovgoz8469
2892,twslv2264
1394,xzmei7676
2264,xzmei7676
391,gouzr6264
1511,rwsjc4125
2357,rwsjc4125
1435,sxpju3904
142,twslv2264
566,mftmi0176
563,bgpem2396
1198,twslv2264
2806,udkvo9961
2487,tijio5023
1674,vpxpr9912
915,twslv2264
404,pddye6765
884,pddye6765
2035,rwsjc4125
65,bethd9321
209,iossf9320
1218,rwsjc4125
1266,cqtyu6709
1286,zvalj2778
2974,zvalj2778
264,dsrod9642
2579,bgpem2396
993,muhas8126
2685,iossf9320
1184,vpxpr9912
2372,gouzr6264
1275,bethd9321
363,tijio5023
694,gouzr6264
1381,muhas8126
899,iossf9320
384,twslv2264
360,gouzr6264
1361,iossf9320
2792,rwsjc4125
1262,vpxpr9912
377,ovgoz8469
1567,muhas8126
1141,muhas8126
2515,twslv2264
2346,iossf9320
1770,sxpju3904
211,twslv2264
1633,tijio5023
1940,rwsjc4125
2695,gouzr6264
842,muhas8126
1324,bethd9321
324,pddye6765
1432,vpxpr9912
1179,zvalj2778
1362,gouzr6264
1923,bgpem2396
1230,zvalj2778
1670,mftmi0176
509,tijio5023
2232,dsrod9642
2711,zvalj2778
892,muhas8126
1578,bgpem2396
1245,rwsjc4125
2745,bgpem2396
1563,pddye6765
2940,zfywi3262
2274,xzmei7676
140,twslv2264
1659,bgpem2396
1863,ovgoz8469
2887,muhas8126
806,mftmi0176
958,bgpem2396
1861,gouzr6264
2431,dsrod9642
790,seoad8070
1860,vpxpr9912
500,ovgoz8469
441,bethd9321
2091,seoad8070
1575,mftmi0176
419,iossf9320
2398,vpxpr9912
491,zvalj2778
2534,rwsjc4125
1991,dsrod9642
518,iossf9320
552,tijio5023
882,sxpju3904
133,xzmei7676
2626,sxpju3904
2812,ovgoz8469
749,zfywi3262
867,sxpju3904
2872,pddye6765
2741,twslv2264
2404,dsrod9642
249,seoad8070
1287,twslv2264
1757,vpxpr9912
2322,iossf9320
2197,dsrod9642
1324,zvalj2778
579,dsrod9642
1565,vpxpr9912
401,zvalj2778
1593,zfywi3262
1506,muhas8126
181,dsrod9642
338,seoad8070
863,gouzr6264
156,cqtyu6709
897,twslv2264
2858,bethd9321
167,xzmei7676
2788,tijio5023
1456,mftmi0176
1971,iossf9320
2576,bethd9321
1790,pddye6765
2570,seoad8070
810,zfywi3262
317,vpxpr9912
2426,cqtyu6709
336,tijio5023
1365,bgpem2396
776,iossf9320
1416,zvalj2778
2492,twslv2264
1260,twslv2264
2329,gouzr6264
2805,dsrod9642
568,udkvo9961
2058,vpxpr9912
2050,twslv2264
2508,xzmei7676
122,sxpju3904
146,gouzr6264
2051,tijio5023
1156,zvalj2778
2300,tijio5023
1755,udkvo9961
1453,bethd9321
1483,muhas8126
2121,bgpem2396
1113,udkvo9961
814,rwsjc4125
1428,rwsjc4125
1125,pddye6765
1908,pddye6765
238,zfywi3262
389,zfywi3262
356,seoad8070
1376,udkvo9961
418,sxpju3904
2740,dsrod9642
1106,bgpem2396
2217,udkvo9961
467,twslv2264
1648,gouzr6264
346,vpxpr9912
321,cqtyu6709
2563,seoad8070
2407,tijio5023
1905,bgpem2396
2418,twslv2264
1181,bgpem2396
2102,bgpem2396
951,rwsjc4125
2564,muhas8126
2925,zfywi3262
368,muhas8126
2675,vpxpr9912
832,zfywi3262
2646,sxpju3904
2188,ovgoz8469
2899,bgpem2396
2772,seoad8070
47,mftmi0176
2565,gouzr6264
2289,zfywi3262
198,rwsjc4125
2090,vpxpr9912
2616,xzmei7676
1353,sxpju3904
495,rwsjc4125
439,vpxpr9912
2243,zvalj2778
1645,cqtyu6709
919,gouzr6264
1287,xzmei7676
2409,sxpju3904
1558,vpxpr9912
2136,ovgoz8469
1482,twslv2264
863,dsrod9642
1300,iossf9320
695,twslv2264
2296,sxpju3904
405,dsrod9642
701,rwsjc4125
2853,twslv2264
1756,vpxpr9912
818,cqtyu6709
1300,bethd9321
295,ovgoz8469
2105,sxpju3904
463,twslv2264
2436,udkvo9961
703,iossf9320
2706,ovgoz8469
2994,cqtyu6709
938,zvalj2778
2538,vpxpr9912
792,gouzr6264
2000,ovgoz8469
1708,tijio5023
369,pddye6765
1039,sxpju3904
1306,dsrod9642
1081,mftmi0176
874,bethd9321
1360,gouzr6264
4,tijio5023
2810,pddye6765
2361,udkvo9961
311,twslv2264
1160,zvalj2778
55,vpxpr9912
210,xzmei7676
601,tijio5023
1991,seoad8070
1651,tijio5023
2872,vpxpr9912
1674,twslv2264
1565,twslv2264
2498,bethd9321
2149,seoad8070
817,bethd9321
1421,twslv2264
276,zfywi3262
902,ovgoz8469
2232,udkvo9961
616,ovgoz8469
1969,rwsjc4125
1945,ovgoz8469
2406,bgpem2396
860,iossf9320
1112,mftmi0176
2335,zfywi3262
2755,dsrod9642
953,mftmi0176
1867,bgpem2396
1991,pddye6765
306,muhas8126
1329,rwsjc4125
271,iossf9320
548,mftmi0176
403,pddye6765
2544,bethd9321
1302,seoad8070
381,muhas8126
2950,seoad8070
1686,twslv2264
2589,xzmei7676
613,seoad8070
2956,zfywi3262
772,xzmei7676
2445,bgpem2396
866,bethd9321
2340,zvalj2778
2436,iossf9320
2282,udkvo9961
826,muhas8126
1336,zfywi3262
2289,twslv2264
1516,bgpem2396
2280,muhas8126
2243,zfywi3262
1262,sxpju3904
644,twslv2264
1282,muhas8126
2814,muhas8126
1002,tijio5023
2396,cqtyu6709
1412,udkvo9961
172,iossf9320
22,udkvo9961
634,rwsjc4125
1750,ovgoz8469
875,dsrod9642
731,bgpem2396
2079,vpxpr9912
199,iossf9320
1561,pddye6765
812,xzmei7676
2916,vpxpr9912
1122,zfywi3262
2480,vpxpr9912
2514,xzmei7676
2891,sxpju3904
1255,mftmi0176
2450,vpxpr9912
1697,iossf9320
2509,rwsjc4125
258,cqtyu6709
1296,zfywi3262
2199,cqtyu6709
2015,udkvo9961
211,dsrod9642
485,seoad8070
408,pddye6765
1735,vpxpr9912
2873,twslv2264
1477,zvalj2778
1039,gouzr6264
1978,seoad8070
42,zvalj2778
2082,sxpju3904
592,zfywi3262
1553,sxpju3904
1874,bgpem2396
1484,bethd9321
2790,zvalj2778
1961,vpxpr9912
1981,gouzr6264
1806,rwsjc4125
831,dsrod9642
2427,pddye6765
2151,cqtyu6709
2075,ovgoz8469
1014,seoad8070
1809,pddye6765
2182,zfywi3262
1012,ovgoz8469
946,cqtyu6709
2289,zvalj2778
1135,sxpju3904
487,vpxpr9912
588,bethd9321
2581,udkvo9961
2271,gouzr6264
537,mftmi0176
2658,twslv2264
755,xzmei7676
2449,muhas8126
1876,sxpju3904
1415,iossf9320
2965,seoad8070
1685,udkvo9961
1991,sxpju3904
2168,cqtyu6709
1077,cqtyu6709
1976,muhas8126
2923,zvalj2778
1513,udkvo9961
692,zvalj2778
1670,vpxpr9912
1230,rwsjc4125
927,mftmi0176
1092,bethd9321
836,udkvo9961
118,zfywi3262
2843,iossf9320
1329,ovgoz8469
2630,bethd9321
331,cqtyu6709
1665,udkvo9961
1927,bgpem2396
531,xzmei7676
2046,muhas8126
521,bethd9321
2545,bethd9321
2839,gouzr6264
134,udkvo9961
1219,gouzr6264
28,mftmi0176
158,seoad8070
2493,bgpem2396
1704,pddye6765
1314,zfywi3262
780,bethd9321
1058,zfywi3262
704,dsrod9642
1554,udkvo9961
2778,rwsjc4125
418,zfywi3262
2031,bgpem2396
2908,seoad8070
1596,ovgoz8469
1824,udkvo9961
1525,sxpju3904
265,gouzr6264
951,twslv2264
2060,gouzr6264
1526,seoad8070
36,twslv2264
35,ovgoz8469
2959,xzmei7676
2372,vpxpr9912
841,xzmei7676
2018,xzmei7676
1346,muhas8126
789,bethd9321
2030,zvalj2778
419,vpxpr9912
520,muhas8126
519,zvalj2778
607,tijio5023
1675,sxpju3904
1852,seoad8070
846,tijio5023
2052,seoad8070
1455,cqtyu6709
2329,bgpem2396
2668,seoad8070
2008,bethd9321
616,zvalj2778
778,zfywi3262
2508,udkvo9961
2292,gouzr6264
886,bethd9321
2024,seoad8070
1418,bethd9321
1669,zvalj2778
1723,bgpem2396
104,twslv2264
596,pddye6765
974,ovgoz8469
2753,xzmei7676
1911,sxpju3904
2934,mftmi0176
2293,muhas8126
1399,pddye6765
1670,udkvo9961
1987,pddye6765
1,bgpem2396
2229,muhas8126
2419,zvalj2778
2240,iossf9320
2007,dsrod9642
2742,gouzr6264
905,sxpju3904
1205,twslv2264
1228,muhas8126
1474,tijio5023
2155,xzmei7676
220,tijio5023
409,vpxpr9912
1232,udkvo9961
1207,udkvo9961
2895,seoad8070
1023,bethd9321
2459,seoad8070
2200,rwsjc4125
845,sxpju3904
2284,tijio5023
125,seoad8070
1371,twslv2264
956,cqtyu6709
292,mftmi0176
278,muhas8126
1312,iossf9320
2758,sxpju3904
2932,bethd9321
2091,sxpju3904
889,udkvo9961
2368,pddye6765
1613,zvalj2778
2504,tijio5023
2548,xzmei7676
1919,cqtyu6709
1573,ovgoz8469
2290,muhas8126
332,bgpem2396
2333,cqtyu6709
1982,seoad8070
383,rwsjc4125
2741,tijio5023
454,bethd9321
2546,twslv2264
571,rwsjc4125
1955,twslv2264
496,dsrod9642
1045,tijio5023
1021,mftmi0176
940,zfywi3262
1318,cqtyu6709
1174,zfywi3262
2197,iossf9320
2214,cqtyu6709
2212,mftmi0176
424,iossf9320
511,zfywi3262
975,bethd9321
789,bgpem2396
2348,dsrod9642
2525,vpxpr9912
2679,gouzr6264
1016,udkvo9961
111,gouzr6264
2958,zvalj2778
600,bgpem2396
2189,pddye6765
140,rwsjc4125
2477,seoad8070
726,iossf9320
331,iossf9320
2175,vpxpr9912
2534,bgpem2396
2052,udkvo9961
2986,dsrod9642
1082,udkvo9961
2602,gouzr6264
1970,seoad8070
1486,mftmi0176
1292,ovgoz8469
1940,muhas8126
1644,gouzr6264
834,twslv2264
1374,zvalj2778
285,bgpem2396
1101,cqtyu6709
2596,bgpem2396
1424,sxpju3904
171,iossf9320
2930,tijio5023
1676,bgpem2396
143,bgpem2396
2634,cqtyu6709
1418,gouzr6264
1732,seoad8070
1426,zfywi3262
1583,bgpem2396
2504,seoad8070
184,twslv2264
970,sxpju3904
1900,sxpju3904
1119,tijio5023
2615,ovgoz8469
608,muhas8126
1063,sxpju3904
691,sxpju3904
911,seoad8070
2197,zvalj2778
301,xzmei7676
1581,bethd9321
2591,iossf9320
2965,sxpju3904
2391,iossf9320
2578,iossf9320
2567,sxpju3904
352,seoad8070
1944,dsrod9642
2001,ovgoz8469
1843,twslv2264
2624,cqtyu6709
1131,ovgoz8469
570,muhas8126
2324,sxpju3904
1619,udkvo9961
1443,muhas8126
604,zfywi3262
1949,cqtyu6709
2065,dsrod9642
856,ovgoz8469
2935,bethd9321
1203,gouzr6264
77,twslv2264
2114,ovgoz8469
2634,gouzr6264
988,ovgoz8469
1548,twslv2264
126,mftmi0176
831,twslv2264
2977,xzmei7676
215,bgpem2396
2213,udkvo9961
1817,rwsjc4125
978,bethd9321
575,bethd9321
775,gouzr6264
128,zfywi3262
983,bethd9321
2766,dsrod9642
1461,xzmei7676
2414,udkvo9961
1557,seoad8070
2601,pddye6765
799,udkvo9961
705,vpxpr9912
966,udkvo9961
1124,iossf9320
134,gouzr6264
2163,zvalj2778
2382,muhas8126
2932,muhas8126
1974,zvalj2778
1901,gouzr6264
2410,pddye6765
1277,dsrod9642
556,udkvo9961
2045,zvalj2778
2450,muhas8126
2500,udkvo9961
1556,tijio5023
30,tijio5023
2585,sxpju3904
863,zvalj2778
14,bethd9321
725,ovgoz8469
2324,dsrod9642
429,cqtyu6709
2326,xzmei7676
951,mftmi0176
1724,bethd9321
306,twslv2264
202,vpxpr9912
2188,zvalj2778
2650,xzmei7676
804,vpxpr9912
745,bgpem2396
649,zfywi3262
1227,udkvo9961
298,muhas8126
2106,tijio5023
1647,pddye6765
1635,vpxpr9912
834,ovgoz8469
365,vpxpr9912
1223,cqtyu6709
2605,iossf9320
47,xzmei7676
393,zfywi3262
362,vpxpr9912
1821,pddye6765
1968,rwsjc4125
1712,bgpem2396
396,mftmi0176
2826,gouzr6264
1537,mftmi0176
708,rwsjc4125
1253,udkvo9961
2284,zvalj2778
985,vpxpr9912
2142,mftmi0176
275,seoad8070
2605,sxpju3904
1170,bethd9321
1025,zvalj2778
684,ovgoz8469
1384,udkvo9961
103,zfywi3262
1857,dsrod9642
2169,ovgoz8469
2363,vpxpr9912
1014,ovgoz8469
1040,ovgoz8469
2675,muhas8126
1500,zvalj2778
1639,seoad8070
996,rwsjc4125
1275,sxpju3904
1544,sxpju3904
2761,xzmei7676
414,rwsjc4125
1745,pddye6765
809,sxpju3904
1070,rwsjc4125
2296,dsrod9642
2922,udkvo9961
2748,mftmi0176
11,gouzr6264
1954,gouzr6264
312,vpxpr9912
2574,udkvo9961
867,xzmei7676
1249,mftmi0176
2740,udkvo9961
655,tijio5023
1104,iossf9320
295,mftmi0176
796,xzmei7676
2231,dsrod9642
1221,mftmi0176
842,seoad8070
1149,twslv2264
1810,rwsjc4125
1721,xzmei7676
2208,udkvo9961
634,muhas8126
1848,xzmei7676
1525,cqtyu6709
2351,rwsjc4125
1048,dsrod9642
1833,mftmi0176
643,iossf9320
2230,vpxpr9912
158,xzmei7676
1638,udkvo9961
2311,iossf9320
1679,zfywi3262
1480,seoad8070
1727,sxpju3904
2671,mftmi0176
687,xzmei7676
737,twslv2264
514,bgpem2396
2521,sxpju3904
1920,seoad8070
2188,dsrod9642
838,seoad8070
2659,sxpju3904
392,zfywi3262
1015,zvalj2778
105,bgpem2396
2592,mftmi0176
116,udkvo9961
2242,pddye6765
1608,ovgoz8469
841,gouzr6264
1842,mftmi0176
458,xzmei7676
2044,gouzr6264
1879,zfywi3262
2434,zvalj2778
2258,gouzr6264
293,dsrod9642
1941,zfywi3262
1888,dsrod9642
1806,zfywi3262
2203,xzmei7676
495,cqtyu6709
2612,dsrod9642
260,twslv2264
2396,bethd9321
2023,twslv2264
1269,bgpem2396
1955,gouzr6264
974,vpxpr9912
1239,xzmei7676
296,mftmi0176
2192,zvalj2778
357,cqtyu6709
2650,vpxpr9912
2123,mftmi0176
302,bethd9321
2889,zfywi3262
2064,seoad8070
1522,sxpju3904
199,bgpem2396
2539,zfywi3262
2919,bethd9321
1965,iossf9320
2621,zvalj2778
869,dsrod9642
505,pddye6765
2163,ovgoz8469
2236,dsrod9642
1655,iossf9320
610,bgpem2396
2628,dsrod9642
2164,vpxpr9912
607,mftmi0176
693,xzmei7676
1023,iossf9320
1835,tijio5023
1482,vpxpr9912
1300,vpxpr9912
440,udkvo9961
2443,dsrod9642
190,pddye6765
1914,sxpju3904
2968,mftmi0176
1421,ovgoz8469
746,rwsjc4125
1997,ovgoz8469
2463,ovgoz8469
1527,xzmei7676
1298,zvalj2778
1394,seoad8070
1669,udkvo9961
1112,pddye6765
591,ovgoz8469
1318,ovgoz8469
1609,ovgoz8469
45,bethd9321
33,ovgoz8469
2063,seoad8070
1848,muhas8126
679,xzmei7676
762,muhas8126
2084,mftmi0176
1397,sxpju3904
1530,sxpju3904
1591,twslv2264
862,bgpem2396
52,vpxpr9912
79,dsrod9642
849,ovgoz8469
2188,bethd9321
1772,cqtyu6709
1258,iossf9320
2031,zfywi3262
2031,seoad8070
2770,sxpju3904
2477,sxpju3904
893,udkvo9961
640,xzmei7676
593,mftmi0176
499,zfywi3262
2760,pddye6765
1671,bethd9321
359,sxpju3904
2101,dsrod9642
624,zvalj2778
1917,udkvo9961
906,ovgoz8469
1421,iossf9320
2649,udkvo9961
1376,gouzr6264
417,zvalj2778
1467,vpxpr9912
493,iossf9320
303,twslv2264
404,gouzr6264
1382,mftmi0176
1976,seoad8070
2440,cqtyu6709
188,xzmei7676
1379,ovgoz8469
1188,ovgoz8469
2958,zfywi3262
45,bgpem2396
2784,udkvo9961
2651,dsrod9642
1257,sxpju3904
2912,cqtyu6709
56,pddye6765
2753,iossf9320
376,dsrod9642
2537,udkvo9961
795,tijio5023
2554,muhas8126
2630,iossf9320
1552,sxpju3904
2576,dsrod9642
1006,rwsjc4125
2999,bethd9321
2672,pddye6765
1083,ovgoz8469
45,mftmi0176
251,ovgoz8469
392,twslv2264
1680,muhas8126
69,bethd9321
1165,vpxpr9912
613,vpxpr9912
366,pddye6765
2476,bgpem2396
1392,mftmi0176
2238,gouzr6264
2781,mftmi0176
1050,gouzr6264
2554,zfywi3262
107,bgpem2396
2889,zvalj2778
48,zfywi3262
2775,twslv2264
601,twslv2264
2459,vpxpr9912
22,vpxpr9912
1436,sxpju3904
352,gouzr6264
1888,bethd9321
1262,pddye6765
2772,sxpju3904
1131,seoad8070
2172,mftmi0176
1212,mftmi0176
1444,zfywi3262
2592,gouzr6264
873,xzmei7676
2418,bethd9321
1841,vpxpr9912
756,twslv2264
1943,zvalj2778
2148,udkvo9961
1385,iossf9320
99,muhas8126
1428,mftmi0176
2357,dsrod9642
2457,zfywi3262
1440,seoad8070
998,ovgoz8469
1846,bgpem2396
2693,dsrod9642
354,ovgoz8469
148,pddye6765
1715,rwsjc4125
1541,zvalj2778
1584,pddye6765
2722,vpxpr9912
2338,bgpem2396
2228,dsrod9642
2996,ovgoz8469
2087,seoad8070
1287,dsrod9642
639,zfywi3262
624,udkvo9961
565,zfywi3262
2554,dsrod9642
402,gouzr6264
1996,gouzr6264
2673,pddye6765
1713,gouzr6264
2465,cqtyu6709
1594,pddye6765
943,zvalj2778
2760,bgpem2396
558,bethd9321
639,rwsjc4125
1980,rwsjc4125
2464,muhas8126
661,rwsjc4125
2031,gouzr6264
21,vpxpr9912
2616,pddye6765
2183,ovgoz8469
979,gouzr6264
2181,udkvo9961
2949,cqtyu6709
2234,udkvo9961
2061,muhas8126
1971,pddye6765
2367,zvalj2778
440,dsrod9642
2493,vpxpr9912
212,iossf9320
475,vpxpr9912
2672,dsrod9642
2222,sxpju3904
1133,seoad8070
854,cqtyu6709
1180,udkvo9961
1347,gouzr6264
2775,gouzr6264
822,bethd9321
2581,dsrod9642
2327,rwsjc4125
1766,mftmi0176
751,dsrod9642
732,tijio5023
2379,zfywi3262
121,muhas8126
485,twslv2264
1512,mftmi0176
2381,cqtyu6709
946,seoad8070
1199,seoad8070
2882,gouzr6264
702,seoad8070
1405,zfywi3262
1264,sxpju3904
404,twslv2264
2916,rwsjc4125
1659,sxpju3904
2105,zvalj2778
2337,udkvo9961
2142,twslv2264
2071,zvalj2778
1602,zvalj2778
2126,zvalj2778
2862,zvalj2778
1778,mftmi0176
505,xzmei7676
576,zvalj2778
165,ovgoz8469
599,twslv2264
140,xzmei7676
2558,iossf9320
1057,bgpem2396
667,sxpju3904
1763,cqtyu6709
1346,udkvo9961
2440,zvalj2778
1073,iossf9320
1357,bethd9321
2039,udkvo9961
1133,bgpem2396
2468,ovgoz8469
2053,mftmi0176
801,muhas8126
1646,muhas8126
408,udkvo9961
1323,udkvo9961
1366,iossf9320
146,xzmei7676
1473,vpxpr9912
2549,gouzr6264
2750,muhas8126
275,muhas8126
164,ovgoz8469
1214,ovgoz8469
953,bethd9321
1074,ovgoz8469
1313,dsrod9642
1152,zvalj2778
1201,sxpju3904
2558,udkvo9961
2726,twslv2264
2597,tijio5023
2527,udkvo9961
2523,seoad8070
1607,ovgoz8469
2481,vpxpr9912
276,muhas8126
2475,xzmei7676
102,zfywi3262
690,iossf9320
761,rwsjc4125
568,bethd9321
1279,rwsjc4125
1241,tijio5023
2480,cqtyu6709
1896,pddye6765
676,muhas8126
1701,bethd9321
2585,bethd9321
1073,udkvo9961
154,mftmi0176
455,bgpem2396
1906,zfywi3262
2757,mftmi0176
1547,udkvo9961
2528,zfywi3262
375,rwsjc4125
304,seoad8070
2863,dsrod9642
1961,zvalj2778
173,muhas8126
1502,muhas8126
741,sxpju3904
2023,tijio5023
331,seoad8070
1041,xzmei7676
825,udkvo9961
1651,muhas8126
2261,bethd9321
1761,bethd9321
1935,muhas8126
740,rwsjc4125
2711,dsrod9642
2427,cqtyu6709
1145,ovgoz8469
1308,zfywi3262
1261,bethd9321
1796,rwsjc4125
2581,pddye6765
2147,zfywi3262
2310,gouzr6264
1374,gouzr6264
2395,zvalj2778
1785,udkvo9961
1183,rwsjc4125
222,rwsjc4125
1128,pddye6765
226,udkvo9961
1885,seoad8070
92,udkvo9961
2384,mftmi0176
468,muhas8126
1091,cqtyu6709
1979,bgpem2396
1011,ovgoz8469
2593,zfywi3262
2543,seoad8070
1597,seoad8070
1643,sxpju3904
1190,ovgoz8469
1747,rwsjc4125
749,ovgoz8469
650,twslv2264
2630,mftmi0176
414,dsrod9642
758,pddye6765
2388,udkvo9961
622,twslv2264
2309,dsrod9642
824,seoad8070
1427,twslv2264
597,sxpju3904
2276,rwsjc4125
626,vpxpr9912
2298,xzmei7676
2677,zvalj2778
1884,udkvo9961
1298,rwsjc4125
1412,mftmi0176
2631,cqtyu6709
26,sxpju3904
410,ovgoz8469
2223,twslv2264
2598,vpxpr9912
1749,bethd9321
2102,tijio5023
2933,iossf9320
782,zfywi3262
846,mftmi0176
2443,pddye6765
1237,gouzr6264
2151,muhas8126
847,pddye6765
152,rwsjc4125
1486,sxpju3904
1388,bethd9321
2360,sxpju3904
1214,bgpem2396
211,muhas8126
599,muhas8126
2471,ovgoz8469
521,cqtyu6709
194,sxpju3904
2417,pddye6765
2508,seoad8070
607,cqtyu6709
1254,muhas8126
2619,vpxpr9912
2901,zfywi3262
2742,bgpem2396
256,cqtyu6709
2844,vpxpr9912
387,gouzr6264
2189,rwsjc4125
303,vpxpr9912
443,vpxpr9912
1528,mftmi0176
1240,iossf9320
2493,mftmi0176
2235,tijio5023
1533,twslv2264
1842,bgpem2396
293,bgpem2396
334,xzmei7676
1913,rwsjc4125
2474,pddye6765
989,pddye6765
441,cqtyu6709
194,udkvo9961
2769,udkvo9961
1540,bethd9321
281,cqtyu6709
471,zvalj2778
2975,twslv2264
2107,pddye6765
1478,udkvo9961
421,tijio5023
609,twslv2264
203,twslv2264
871,twslv2264
1007,cqtyu6709
1915,bgpem2396
1637,bethd9321
51,iossf9320
2475,zfywi3262
1696,tijio5023
2649,zfywi3262
2703,zfywi3262
2350,rwsjc4125
816,mftmi0176
2024,dsrod9642
2635,mftmi0176
40,cqtyu6709
88,zvalj2778
1600,twslv2264
481,vpxpr9912
1522,tijio5023
2341,vpxpr9912
2578,seoad8070
2049,mftmi0176
1015,twslv2264
2227,tijio5023
2631,vpxpr9912
2066,rwsjc4125
1695,bgpem2396
1144,sxpju3904
546,tijio5023
1704,ovgoz8469
2429,iossf9320
1185,cqtyu6709
2102,dsrod9642
2891,ovgoz8469
363,seoad8070
411,seoad8070
2762,bgpem2396
967,twslv2264
2791,sxpju3904
1527,bethd9321
335,tijio5023
2753,mftmi0176
1513,bgpem2396
2821,vpxpr9912
539,ovgoz8469
2637,zvalj2778
1176,iossf9320
1018,rwsjc4125
817,bgpem2396
78,zfywi3262
1502,sxpju3904
1325,tijio5023
876,ovgoz8469
1160,dsrod9642
1808,pddye6765
2460,iossf9320
47,gouzr6264
341,seoad8070
793,rwsjc4125
2768,bgpem2396
1874,mftmi0176
431,vpxpr9912
1268,tijio5023
2708,dsrod9642
132,twslv2264
1047,zvalj2778
283,xzmei7676
2019,zfywi3262
1986,sxpju3904
357,zvalj2778
2944,zfywi3262
1726,iossf9320
1990,dsrod9642
846,bethd9321
231,udkvo9961
857,gouzr6264
1303,gouzr6264
83,tijio5023
2121,ovgoz8469
293,udkvo9961
703,muhas8126
52,bethd9321
2541,twslv2264
1574,gouzr6264
1815,dsrod9642
573,bgpem2396
2847,cqtyu6709
698,sxpju3904
2371,rwsjc4125
2619,dsrod9642
2932,dsrod9642
2054,vpxpr9912
2363,bgpem2396
1933,pddye6765
2455,bethd9321
1555,cqtyu6709
1512,tijio5023
373,iossf9320
2226,udkvo9961
1777,cqtyu6709
2711,zfywi3262
677,pddye6765
392,zvalj2778
2568,tijio5023
2866,rwsjc4125
2032,mftmi0176
802,zfywi3262
1999,cqtyu6709
1827,gouzr6264
1718,sxpju3904
2866,mftmi0176
1145,mftmi0176
2304,tijio5023
943,cqtyu6709
2081,twslv2264
1226,udkvo9961
1530,zfywi3262
1442,muhas8126
1263,gouzr6264
1079,zfywi3262
128,ovgoz8469
706,mftmi0176
311,tijio5023
1607,rwsjc4125
2551,bethd9321
1539,zfywi3262
1811,tijio5023
1823,vpxpr9912
2443,iossf9320
2792,vpxpr9912
1198,pddye6765
1396,cqtyu6709
2613,vpxpr9912
2483,tijio5023
2708,muhas8126
1236,xzmei7676
918,gouzr6264
2738,tijio5023
1425,seoad8070
798,iossf9320
2194,mftmi0176
2580,tijio5023
1477,mftmi0176
860,rwsjc4125
551,twslv2264
2010,twslv2264
1032,mftmi0176
1287,bgpem2396
374,udkvo9961
1538,twslv2264
1591,muhas8126
2822,pddye6765
2381,zfywi3262
555,udkvo9961
637,ovgoz8469
1364,rwsjc4125
1959,rwsjc4125
2291,sxpju3904
2943,gouzr6264
2043,mftmi0176
79,mftmi0176
140,vpxpr9912
1987,gouzr6264
1123,zvalj2778
2017,bethd9321
1454,vpxpr9912
2407,xzmei7676
2983,pddye6765
1767,gouzr6264
1119,twslv2264
2884,pddye6765
2724,zvalj2778
505,seoad8070
2610,iossf9320
419,ovgoz8469
453,zvalj2778
2409,udkvo9961
855,cqtyu6709
259,mftmi0176
719,mftmi0176
1041,gouzr6264
965,zvalj2778
2933,gouzr6264
862,gouzr6264
2873,muhas8126
781,sxpju3904
2266,pddye6765
2316,vpxpr9912
2859,tijio5023
91,udkvo9961
773,ovgoz8469
1368,udkvo9961
2456,mftmi0176
19,vpxpr9912
2338,twslv2264
2775,rwsjc4125
2045,vpxpr9912
812,ovgoz8469
738,iossf9320
2934,bgpem2396
1261,tijio5023
2432,twslv2264
2192,seoad8070
1414,zvalj2778
1138,zfywi3262
1233,seoad8070
1043,bethd9321
1958,tijio5023
2225,seoad8070
2376,zvalj2778
1951,gouzr6264
1343,zvalj2778
2888,gouzr6264
2682,tijio5023
1645,zfywi3262
1965,zfywi3262
960,ovgoz8469
197,dsrod9642
1202,bethd9321
1522,muhas8126
1649,seoad8070
967,sxpju3904
1174,zvalj2778
1783,tijio5023
2245,muhas8126
2298,cqtyu6709
1535,mftmi0176
2158,gouzr6264
616,pddye6765
2157,seoad8070
1400,tijio5023
2592,pddye6765
1769,seoad8070
369,rwsjc4125
1855,muhas8126
189,dsrod9642
2918,rwsjc4125
823,gouzr6264
1895,rwsjc4125
1985,dsrod9642
1485,dsrod9642
69,seoad8070
2507,muhas8126
384,vpxpr9912
261,dsrod9642
450,muhas8126
1327,gouzr6264
916,pddye6765
1680,xzmei7676
2011,vpxpr9912
2310,rwsjc4125
1631,udkvo9961
457,seoad8070
1521,bgpem2396
2187,mftmi0176
615,udkvo9961
2671,cqtyu6709
948,rwsjc4125
2183,bgpem2396
1276,zfywi3262
1043,muhas8126
2241,zvalj2778
852,zvalj2778
340,pddye6765
1341,pddye6765
1296,rwsjc4125
1354,zfywi3262
1946,twslv2264
2780,twslv2264
2335,twslv2264
674,vpxpr9912
41,dsrod9642
2553,bethd9321
2240,udkvo9961
1964,iossf9320
121,dsrod9642
2686,twslv2264
2674,bgpem2396
1527,twslv2264
1022,zvalj2778
948,mftmi0176
278,zfywi3262
999,vpxpr9912
2713,iossf9320
1195,iossf9320
1047,cqtyu6709
2376,gouzr6264
186,zvalj2778
1871,pddye6765
2143,pddye6765
791,zfywi3262
1469,tijio5023
2246,sxpju3904
2934,rwsjc4125
2219,zfywi3262
604,ovgoz8469
1447,iossf9320
2839,zvalj2778
693,rwsjc4125
58,sxpju3904
1434,udkvo9961
821,tijio5023
137,tijio5023
2547,dsrod9642
2723,gouzr6264
1839,udkvo9961
1467,iossf9320
562,sxpju3904
2913,pddye6765
1482,seoad8070
2332,sxpju3904
2068,dsrod9642
953,gouzr6264
2239,zvalj2778
629,twslv2264
871,tijio5023
1511,twslv2264
2783,rwsjc4125
847,bgpem2396
1403,iossf9320
2775,cqtyu6709
1195,twslv2264
2259,twslv2264
140,pddye6765
927,rwsjc4125
4,seoad8070
394,udkvo9961
639,iossf9320
676,gouzr6264
266,zvalj2778
1694,twslv2264
478,cqtyu6709
905,tijio5023
2315,xzmei7676
242,zvalj2778
400,seoad8070
1845,zvalj2778
660,iossf9320
1615,seoad8070
286,xzmei7676
628,mftmi0176
2050,udkvo9961
1836,zfywi3262
507,iossf9320
2381,rwsjc4125
28,zvalj2778
1709,pddye6765
873,pddye6765
1381,ovgoz8469
1700,bgpem2396
2974,muhas8126
2011,dsrod9642
2427,twslv2264
1566,muhas8126
851,vpxpr9912
20,xzmei7676
2812,seoad8070
922,zfywi3262
1887,cqtyu6709
198,muhas8126
2422,bgpem2396
1878,rwsjc4125
1699,dsrod9642
2465,zvalj2778
1222,muhas8126
1008,twslv2264
195,dsrod9642
2130,mftmi0176
1712,muhas8126
1227,tijio5023
1627,bethd9321
2040,cqtyu6709
524,rwsjc4125
1508,rwsjc4125
2793,xzmei7676
653,vpxpr9912
2443,sxpju3904
380,zfywi3262
62,ovgoz8469
448,iossf9320
276,udkvo9961
2688,mftmi0176
474,zvalj2778
1182,seoad8070
890,iossf9320
584,bgpem2396
1445,zvalj2778
629,tijio5023
2461,bgpem2396
1717,iossf9320
1259,iossf9320
2513,iossf9320
1973,iossf9320
2557,zvalj2778
2920,ovgoz8469
1630,zvalj2778
341,ovgoz8469
603,twslv2264
657,xzmei7676
1079,tijio5023
238,gouzr6264
834,cqtyu6709
129,gouzr6264
2667,iossf9320
2457,mftmi0176
1946,dsrod9642
2723,zfywi3262
1474,bethd9321
1117,bethd9321
1577,muhas8126
848,muhas8126
1913,zvalj2778
2956,gouzr6264
671,gouzr6264
1315,rwsjc4125
196,ovgoz8469
1473,bethd9321
326,pddye6765
2863,zvalj2778
615,tijio5023
547,mftmi0176
1511,bethd9321
2032,muhas8126
2268,pddye6765
470,mftmi0176
2636,muhas8126
1818,rwsjc4125
1809,sxpju3904
2598,tijio5023
809,zfywi3262
2772,cqtyu6709
376,zfywi3262
673,iossf9320
1282,mftmi0176
48,gouzr6264
2949,seoad8070
2818,bgpem2396
984,iossf9320
1623,iossf9320
2627,rwsjc4125
268,cqtyu6709
1228,iossf9320
54,muhas8126
952,zvalj2778
1876,rwsjc4125
50,bethd9321
301,twslv2264
1604,vpxpr9912
2681,seoad8070
1211,muhas8126
1363,bgpem2396
2731,bgpem2396
1713,cqtyu6709
2033,pddye6765
2198,vpxpr9912
962,pddye6765
783,gouzr6264
2874,zvalj2778
1134,pddye6765
309,pddye6765
1052,cqtyu6709
388,gouzr6264
1848,pddye6765
1697,tijio5023
249,muhas8126
1157,seoad8070
460,vpxpr9912
525,zfywi3262
21,zvalj2778
764,sxpju3904
2303,ovgoz8469
1297,gouzr6264
7,bgpem2396
956,ovgoz8469
140,sxpju3904
2983,bgpem2396
2599,sxpju3904
1640,muhas8126
688,pddye6765
2890,dsrod9642
2569,zfywi3262
2089,sxpju3904
483,dsrod9642
2958,seoad8070
585,zvalj2778
2078,sxpju3904
2794,ovgoz8469
1630,iossf9320
1802,vpxpr9912
973,rwsjc4125
87,iossf9320
1537,seoad8070
1571,tijio5023
1975,muhas8126
2072,cqtyu6709
2645,bethd9321
402,twslv2264
2054,xzmei7676
1274,zvalj2778
2544,pddye6765
981,ovgoz8469
69,zvalj2778
668,seoad8070
802,twslv2264
1107,muhas8126
2288,iossf9320
1022,xzmei7676
62,pddye6765
742,sxpju3904
2954,cqtyu6709
1253,mftmi0176
1920,iossf9320
1645,tijio5023
1336,sxpju3904
1858,zfywi3262
1987,dsrod9642
815,ovgoz8469
471,seoad8070
2830,ovgoz8469
1068,zfywi3262
2658,dsrod9642
638,tijio5023
1123,iossf9320
615,seoad8070
2129,sxpju3904
2054,udkvo9961
2048,dsrod9642
201,bethd9321
2303,zfywi3262
2351,mftmi0176
453,vpxpr9912
1940,tijio5023
32,xzmei7676
1604,seoad8070
1413,bgpem2396
2928,pddye6765
956,pddye6765
2632,zfywi3262
2109,gouzr6264
867,dsrod9642
2486,vpxpr9912
500,twslv2264
1353,pddye6765
584,udkvo9961
2864,cqtyu6709
2271,dsrod9642
624,mftmi0176
1446,bgpem2396
977,seoad8070
670,twslv2264
915,xzmei7676
1025,mftmi0176
895,pddye6765
1430,xzmei7676
1839,vpxpr9912
2808,seoad8070
2906,gouzr6264
891,gouzr6264
1819,pddye6765
1037,pddye6765
1040,sxpju3904
804,muhas8126
1525,tijio5023
1616,iossf9320
2395,rwsjc4125
1509,xzmei7676
1614,cqtyu6709
1898,zvalj2778
941,pddye6765
1187,vpxpr9912
1299,cqtyu6709
1600,pddye6765
2964,ovgoz8469
2794,rwsjc4125
2677,tijio5023
2948,zfywi3262
1390,muhas8126
2829,udkvo9961
2613,zfywi3262
2438,dsrod9642
2708,vpxpr9912
72,bethd9321
1120,ovgoz8469
464,iossf9320
2239,udkvo9961
743,ovgoz8469
1871,seoad8070
2282,cqtyu6709
1511,vpxpr9912
2477,iossf9320
415,seoad8070
1124,cqtyu6709
1226,bgpem2396
941,ovgoz8469
226,zvalj2778
66,muhas8126
2865,seoad8070
1989,muhas8126
1214,bethd9321
1358,sxpju3904
294,xzmei7676
2836,rwsjc4125
1143,bethd9321
2274,gouzr6264
1056,bgpem2396
1204,pddye6765
270,tijio5023
545,tijio5023
1604,bgpem2396
2475,zvalj2778
1820,gouzr6264
2609,twslv2264
1231,udkvo9961
158,dsrod9642
2783,vpxpr9912
1168,iossf9320
15,sxpju3904
1684,iossf9320
1923,iossf9320
2577,mftmi0176
327,bgpem2396
2106,twslv2264
2395,iossf9320
2187,tijio5023
1286,ovgoz8469
1060,seoad8070
1377,muhas8126
912,xzmei7676
2185,sxpju3904
209,xzmei7676
424,bethd9321
2691,seoad8070
1150,tijio5023
2152,zfywi3262
329,twslv2264
1417,muhas8126
2342,tijio5023
416,vpxpr9912
300,pddye6765
31,tijio5023
2612,twslv2264
2254,cqtyu6709
2422,tijio5023
2167,ovgoz8469
1581,ovgoz8469
1141,twslv2264
2455,pddye6765
116,mftmi0176
598,seoad8070
381,cqtyu6709
1510,gouzr6264
1424,mftmi0176
2410,udkvo9961
1021,dsrod9642
148,bgpem2396
2116,ovgoz8469
524,muhas8126
2655,vpxpr9912
2200,zvalj2778
1935,pddye6765
1515,gouzr6264
631,muhas8126
2622,iossf9320
2428,ovgoz8469
2311,ovgoz8469
1422,twslv2264
571,zfywi3262
2630,seoad8070
2656,bgpem2396
569,pddye6765
1506,udkvo9961
1644,muhas8126
109,seoad8070
2179,zfywi3262
122,vpxpr9912
230,zfywi3262
99,bgpem2396
1621,twslv2264
320,gouzr6264
2917,gouzr6264
2360,seoad8070
1937,twslv2264
147,pddye6765
1479,pddye6765
751,mftmi0176
2124,iossf9320
2529,twslv2264
1198,muhas8126
1135,ovgoz8469
1479,iossf9320
345,ovgoz8469
1986,zfywi3262
393,muhas8126
1868,ovgoz8469
181,udkvo9961
2342,bgpem2396
1489,ovgoz8469
210,pddye6765
2817,udkvo9961
2972,iossf9320
985,mftmi0176
2525,zfywi3262
2321,iossf9320
257,seoad8070
1578,rwsjc4125
10,gouzr6264
2464,udkvo9961
2705,seoad8070
400,muhas8126
2107,rwsjc4125
876,dsrod9642
1643,cqtyu6709
1243,zvalj2778
2907,sxpju3904
2058,bgpem2396
2138,cqtyu6709
656,twslv2264
841,muhas8126
1092,twslv2264
664,iossf9320
436,gouzr6264
1412,dsrod9642
2539,mftmi0176
2911,muhas8126
1582,dsrod9642
351,tijio5023
859,zvalj2778
2293,mftmi0176
1076,udkvo9961
1952,seoad8070
2836,vpxpr9912
1638,ovgoz8469
1100,rwsjc4125
1661,twslv2264
1751,sxpju3904
479,zvalj2778
2696,vpxpr9912
873,vpxpr9912
716,zvalj2778
812,tijio5023
1386,rwsjc4125
881,mftmi0176
1934,muhas8126
872,zvalj2778
922,xzmei7676
804,seoad8070
1205,iossf9320
336,zfywi3262
957,zfywi3262
2397,pddye6765
2202,rwsjc4125
1410,bgpem2396
1259,seoad8070
682,ovgoz8469
1564,rwsjc4125
821,pddye6765
568,seoad8070
1617,xzmei7676
1991,vpxpr9912
2205,muhas8126
1164,udkvo9961
1571,bgpem2396
1809,vpxpr9912
2526,vpxpr9912
476,bgpem2396
1014,dsrod9642
1946,seoad8070
643,zfywi3262
2867,muhas8126
1880,vpxpr9912
2499,zvalj2778
834,xzmei7676
779,bgpem2396
909,mftmi0176
1565,xzmei7676
827,muhas8126
656,bethd9321
407,bgpem2396
858,tijio5023
2867,sxpju3904
2134,seoad8070
2035,gouzr6264
2509,dsrod9642
2555,sxpju3904
2827,sxpju3904
2474,muhas8126
1080,pddye6765
226,xzmei7676
348,twslv2264
1852,zfywi3262
457,udkvo9961
1967,rwsjc4125
977,xzmei7676
2722,bgpem2396
1283,vpxpr9912
1910,pddye6765
2793,bgpem2396
264,zfywi3262
1375,zfywi3262
1373,seoad8070
210,zvalj2778
1055,bethd9321
196,mftmi0176
1042,rwsjc4125
2024,xzmei7676
1765,rwsjc4125
343,cqtyu6709
264,rwsjc4125
89,mftmi0176
2203,tijio5023
2270,ovgoz8469
58,tijio5023
2218,ovgoz8469
322,bgpem2396
1375,cqtyu6709
605,vpxpr9912
431,ovgoz8469
198,iossf9320
1163,rwsjc4125
79,bethd9321
248,tijio5023
2697,bethd9321
2415,twslv2264
2505,mftmi0176
1957,twslv2264
1174,sxpju3904
225,xzmei7676
2902,bethd9321
2962,iossf9320
1483,dsrod9642
649,ovgoz8469
488,pddye6765
1204,zvalj2778
1439,udkvo9961
2831,iossf9320
1666,udkvo9961
1937,tijio5023
2360,tijio5023
1461,sxpju3904
1337,zvalj2778
1155,xzmei7676
2221,muhas8126
151,rwsjc4125
2764,zvalj2778
495,seoad8070
268,zvalj2778
2406,twslv2264
348,iossf9320
1497,mftmi0176
480,udkvo9961
1987,cqtyu6709
111,udkvo9961
583,pddye6765
1818,vpxpr9912
2390,sxpju3904
2733,vpxpr9912
233,cqtyu6709
1783,ovgoz8469
1505,seoad8070
186,twslv2264
2762,muhas8126
843,sxpju3904
1929,vpxpr9912
1657,twslv2264
1059,mftmi0176
505,iossf9320
1964,pddye6765
1571,seoad8070
694,zfywi3262
2110,bgpem2396
1745,cqtyu6709
313,ovgoz8469
1427,iossf9320
1238,tijio5023
1942,bgpem2396
2787,seoad8070
678,rwsjc4125
535,muhas8126
198,cqtyu6709
2626,zvalj2778
2881,bethd9321
2446,dsrod9642
2530,iossf9320
200,sxpju3904
352,vpxpr9912
2343,xzmei7676
2935,ovgoz8469
1041,twslv2264
1521,muhas8126
2192,rwsjc4125
1242,pddye6765
1275,xzmei7676
2795,ovgoz8469
28,iossf9320
1833,rwsjc4125
377,bethd9321
857,vpxpr9912
321,muhas8126
333,sxpju3904
2140,pddye6765
1651,bethd9321
487,zfywi3262
2902,sxpju3904
2463,gouzr6264
1042,sxpju3904
2972,zvalj2778
1481,zfywi3262
2848,vpxpr9912
1100,vpxpr9912
1607,cqtyu6709
1501,bgpem2396
2252,tijio5023
2049,pddye6765
1029,zvalj2778
1927,ovgoz8469
1093,gouzr6264
185,pddye6765
2838,ovgoz8469
1958,vpxpr9912
2011,rwsjc4125
599,gouzr6264
732,udkvo9961
2195,rwsjc4125
1658,mftmi0176
1753,seoad8070
843,muhas8126
2514,pddye6765
2730,twslv2264
2,vpxpr9912
594,tijio5023
188,pddye6765
622,tijio5023
1937,cqtyu6709
252,zfywi3262
2596,tijio5023
1217,tijio5023
1775,bgpem2396
2714,rwsjc4125
25,vpxpr9912
401,bethd9321
1098,muhas8126
1317,ovgoz8469
2947,sxpju3904
1451,seoad8070
2741,ovgoz8469
2987,twslv2264
933,ovgoz8469
1993,seoad8070
425,muhas8126
2420,seoad8070
2073,rwsjc4125
1682,sxpju3904
1160,iossf9320
2788,zfywi3262
2752,zvalj2778
116,dsrod9642
2712,seoad8070
1861,vpxpr9912
829,sxpju3904
1796,sxpju3904
1936,bethd9321
493,dsrod9642
2064,zvalj2778
834,iossf9320
2423,tijio5023
1882,pddye6765
1550,ovgoz8469
494,twslv2264
1014,bgpem2396
1292,rwsjc4125
2247,seoad8070
1426,bgpem2396
782,iossf9320
2421,seoad8070
553,bethd9321
12,gouzr6264
2091,udkvo9961
1332,udkvo9961
918,tijio5023
1888,mftmi0176
2251,dsrod9642
1188,xzmei7676
1004,gouzr6264
1453,ovgoz8469
39,xzmei7676
1950,bgpem2396
1611,zfywi3262
1020,bgpem2396
899,mftmi0176
1703,rwsjc4125
773,vpxpr9912
1101,bethd9321
2379,iossf9320
863,sxpju3904
1054,xzmei7676
2378,tijio5023
365,udkvo9961
383,sxpju3904
972,gouzr6264
2692,rwsjc4125
1253,twslv2264
1712,zvalj2778
764,tijio5023
953,vpxpr9912
2125,bethd9321
427,udkvo9961
2667,seoad8070
1327,mftmi0176
2902,twslv2264
2169,sxpju3904
1815,muhas8126
1971,sxpju3904
2460,vpxpr9912
2868,xzmei7676
913,seoad8070
2064,zfywi3262
2910,muhas8126
2219,gouzr6264
1368,vpxpr9912
145,pddye6765
261,rwsjc4125
126,tijio5023
1833,bgpem2396
587,iossf9320
89,seoad8070
281,gouzr6264
2002,twslv2264
1117,tijio5023
1566,cqtyu6709
479,rwsjc4125
2682,udkvo9961
822,twslv2264
1126,bethd9321
1808,rwsjc4125
2256,pddye6765
2902,gouzr6264
1788,tijio5023
299,twslv2264
966,zfywi3262
1849,vpxpr9912
2673,iossf9320
603,rwsjc4125
856,gouzr6264
1960,twslv2264
2153,ovgoz8469
2750,sxpju3904
2298,twslv2264
2082,bgpem2396
1660,bgpem2396
1048,ovgoz8469
2871,udkvo9961
1324,sxpju3904
2711,gouzr6264
1993,tijio5023
2857,sxpju3904
1676,sxpju3904
732,sxpju3904
1837,mftmi0176
2089,vpxpr9912
675,vpxpr9912
1258,xzmei7676
602,bgpem2396
835,xzmei7676
1222,sxpju3904
381,twslv2264
1745,rwsjc4125
2518,dsrod9642
2067,dsrod9642
627,zvalj2778
482,iossf9320
1201,bgpem2396
2200,iossf9320
2405,pddye6765
1962,sxpju3904
753,gouzr6264
87,dsrod9642
101,zfywi3262
2864,mftmi0176
770,bgpem2396
1296,cqtyu6709
207,zvalj2778
1724,pddye6765
631,sxpju3904
649,bgpem2396
2846,mftmi0176
346,twslv2264
427,zvalj2778
2339,cqtyu6709
2587,sxpju3904
2076,sxpju3904
958,tijio5023
2681,sxpju3904
585,vpxpr9912
1458,seoad8070
1567,gouzr6264
1235,ovgoz8469
2795,gouzr6264
1901,twslv2264
209,gouzr6264
1884,rwsjc4125
2361,rwsjc4125
1409,cqtyu6709
2919,muhas8126
239,twslv2264
2164,zfywi3262
2237,ovgoz8469
1682,seoad8070
1295,cqtyu6709
1059,sxpju3904
2431,gouzr6264
2607,gouzr6264
398,pddye6765
2701,vpxpr9912
391,sxpju3904
2139,gouzr6264
168,rwsjc4125
1904,zfywi3262
2116,mftmi0176
1982,udkvo9961
1534,zfywi3262
2693,tijio5023
2163,zfywi3262
529,zvalj2778
2614,bethd9321
818,xzmei7676
2589,bethd9321
1591,bgpem2396
15,muhas8126
661,ovgoz8469
1183,seoad8070
2798,zvalj2778
277,vpxpr9912
1038,iossf9320
1900,seoad8070
2621,rwsjc4125
2519,ovgoz8469
1093,pddye6765
1291,zfywi3262
2042,vpxpr9912
362,ovgoz8469
254,sxpju3904
487,tijio5023
468,xzmei7676
263,tijio5023
1631,zvalj2778
1693,mftmi0176
532,tijio5023
685,dsrod9642
1161,udkvo9961
745,iossf9320
1534,iossf9320
1413,vpxpr9912
227,udkvo9961
2769,tijio5023
1044,zfywi3262
2296,tijio5023
358,udkvo9961
2197,muhas8126
145,zfywi3262
2211,vpxpr9912
1885,dsrod9642
1323,seoad8070
1587,bgpem2396
1319,rwsjc4125
316,dsrod9642
131,ovgoz8469
770,mftmi0176
1627,vpxpr9912
1637,zvalj2778
1112,ovgoz8469
1179,sxpju3904
714,bgpem2396
2650,iossf9320
2463,rwsjc4125
1588,twslv2264
112,zfywi3262
1585,twslv2264
1238,vpxpr9912
2549,sxpju3904
1214,iossf9320
815,twslv2264
798,vpxpr9912
2826,sxpju3904
1862,sxpju3904
1822,tijio5023
720,seoad8070
1736,mftmi0176
2392,rwsjc4125
2341,gouzr6264
2531,iossf9320
901,twslv2264
2663,xzmei7676
1944,xzmei7676
2936,cqtyu6709
1349,pddye6765
243,zfywi3262
529,tijio5023
1467,tijio5023
2695,tijio5023
386,pddye6765
1867,zvalj2778
2123,dsrod9642
410,vpxpr9912
1010,pddye6765
1242,tijio5023
2047,seoad8070
1215,vpxpr9912
2118,pddye6765
807,tijio5023
2489,bgpem2396
2751,rwsjc4125
2597,vpxpr9912
951,zfywi3262
357,dsrod9642
2802,zvalj2778
2068,sxpju3904
1421,rwsjc4125
2377,muhas8126
1312,tijio5023
524,mftmi0176
2835,seoad8070
2309,pddye6765
1556,dsrod9642
774,bgpem2396
1901,mftmi0176
774,zvalj2778
1731,twslv2264
1137,vpxpr9912
1246,ovgoz8469
114,sxpju3904
2183,zvalj2778
1603,mftmi0176
1162,muhas8126
856,udkvo9961
2264,zvalj2778
1569,rwsjc4125
2384,sxpju3904
225,dsrod9642
1994,sxpju3904
2396,iossf9320
2556,xzmei7676
2022,vpxpr9912
2468,bethd9321
1316,gouzr6264
2000,udkvo9961
2616,twslv2264
461,pddye6765
1008,muhas8126
2538,iossf9320
1698,xzmei7676
2304,sxpju3904
1616,pddye6765
1606,gouzr6264
1186,xzmei7676
1978,sxpju3904
791,iossf9320
2787,mftmi0176
1531,twslv2264
2076,xzmei7676
1934,udkvo9961
1632,cqtyu6709
637,mftmi0176
784,muhas8126
1409,zvalj2778
2530,muhas8126
522,vpxpr9912
2003,seoad8070
377,xzmei7676
337,vpxpr9912
511,twslv2264
1447,xzmei7676
2182,iossf9320
2551,sxpju3904
2325,cqtyu6709
2716,seoad8070
2775,seoad8070
949,xzmei7676
829,zfywi3262
1207,dsrod9642
666,seoad8070
856,sxpju3904
409,twslv2264
2122,seoad8070
2098,seoad8070
1567,dsrod9642
2066,sxpju3904
1868,pddye6765
2853,vpxpr9912
2859,gouzr6264
1212,gouzr6264
2699,bgpem2396
1990,bethd9321
2939,cqtyu6709
2712,ovgoz8469
2182,mftmi0176
761,tijio5023
2128,bgpem2396
2055,vpxpr9912
2976,mftmi0176
1995,vpxpr9912
242,bgpem2396
1598,gouzr6264
2260,zfywi3262
465,twslv2264
929,bethd9321
2630,twslv2264
2352,pddye6765
1704,iossf9320
2228,bgpem2396
2983,seoad8070
1209,pddye6765
2992,tijio5023
1722,bgpem2396
1739,cqtyu6709
2527,cqtyu6709
604,zvalj2778
2265,udkvo9961
2449,udkvo9961
332,udkvo9961
270,zfywi3262
1896,dsrod9642
2625,zvalj2778
744,zvalj2778
1862,vpxpr9912
2872,gouzr6264
954,bethd9321
2949,gouzr6264
1171,tijio5023
1000,bethd9321
1311,pddye6765
255,gouzr6264
188,iossf9320
584,seoad8070
819,ovgoz8469
754,ovgoz8469
2135,seoad8070
1033,bethd9321
2411,zfywi3262
2525,udkvo9961
1605,ovgoz8469
263,mftmi0176
1842,gouzr6264
30,seoad8070
2154,gouzr6264
4,gouzr6264
1039,bgpem2396
721,zfywi3262
2651,muhas8126
2485,zvalj2778
543,pddye6765
2815,bgpem2396
2615,zfywi3262
1193,zfywi3262
1449,bethd9321
2117,vpxpr9912
2698,xzmei7676
901,mftmi0176
1584,dsrod9642
2257,zvalj2778
970,bgpem2396
1011,pddye6765
538,twslv2264
2772,bethd9321
1416,pddye6765
2521,bethd9321
2384,muhas8126
2965,zvalj2778
2358,muhas8126
1958,sxpju3904
2362,ovgoz8469
2844,ovgoz8469
2308,zfywi3262
2027,sxpju3904
1784,rwsjc4125
127,iossf9320
2802,seoad8070
1219,zfywi3262
1817,zvalj2778
1758,vpxpr9912
36,ovgoz8469
2827,seoad8070
2613,dsrod9642
295,vpxpr9912
1856,dsrod9642
121,seoad8070
2713,ovgoz8469
2569,pddye6765
2083,rwsjc4125
2519,bethd9321
1256,zvalj2778
1072,tijio5023
1290,pddye6765
2989,bethd9321
1336,xzmei7676
2378,bgpem2396
900,pddye6765
2156,rwsjc4125
2316,mftmi0176
2697,ovgoz8469
1659,seoad8070
356,twslv2264
1725,zvalj2778
515,dsrod9642
273,vpxpr9912
267,twslv2264
1926,gouzr6264
1500,rwsjc4125
2370,gouzr6264
1666,sxpju3904
366,vpxpr9912
225,seoad8070
412,bgpem2396
850,sxpju3904
2839,dsrod9642
2449,iossf9320
1406,bethd9321
1140,zvalj2778
1270,rwsjc4125
1238,bgpem2396
2514,udkvo9961
441,tijio5023
1658,bgpem2396
2211,mftmi0176
1581,iossf9320
1982,dsrod9642
1212,dsrod9642
899,zfywi3262
251,pddye6765
2373,xzmei7676
2718,sxpju3904
1222,mftmi0176
209,zvalj2778
2121,zvalj2778
2364,udkvo9961
158,vpxpr9912
905,twslv2264
506,sxpju3904
2144,cqtyu6709
2527,zfywi3262
245,mftmi0176
412,iossf9320
2158,bgpem2396
2155,iossf9320
1494,seoad8070
1110,iossf9320
1102,iossf9320
1493,ovgoz8469
1447,bgpem2396
1584,zvalj2778
344,zvalj2778
465,muhas8126
800,ovgoz8469
1524,vpxpr9912
294,twslv2264
1223,sxpju3904
2041,muhas8126
1580,bgpem2396
2587,muhas8126
2331,udkvo9961
2421,mftmi0176
560,muhas8126
724,zfywi3262
395,pddye6765
130,mftmi0176
2285,zvalj2778
1593,tijio5023
2092,tijio5023
2460,xzmei7676
398,bethd9321
1446,udkvo9961
729,bethd9321
2790,ovgoz8469
541,gouzr6264
335,bethd9321
1685,muhas8126
198,pddye6765
1429,iossf9320
482,xzmei7676
636,twslv2264
2593,xzmei7676
2814,pddye6765
391,rwsjc4125
2465,tijio5023
2409,tijio5023
1070,iossf9320
462,ovgoz8469
1692,pddye6765
185,cqtyu6709
1894,mftmi0176
1321,rwsjc4125
2605,ovgoz8469
2298,udkvo9961
1826,bethd9321
1094,sxpju3904
449,gouzr6264
1658,zvalj2778
1875,udkvo9961
2530,udkvo9961
269,tijio5023
444,bethd9321
1696,iossf9320
2556,zvalj2778
2025,dsrod9642
941,mftmi0176
1557,xzmei7676
2550,zvalj2778
619,cqtyu6709
1242,xzmei7676
1150,rwsjc4125
1994,pddye6765
1516,mftmi0176
2286,zfywi3262
2264,rwsjc4125
541,cqtyu6709
2124,muhas8126
2186,bethd9321
200,cqtyu6709
1446,bethd9321
1025,gouzr6264
2171,ovgoz8469
2114,zvalj2778
1699,muhas8126
2213,gouzr6264
803,bgpem2396
1372,mftmi0176
532,vpxpr9912
31,gouzr6264
412,muhas8126
2675,gouzr6264
959,zvalj2778
1416,cqtyu6709
1582,twslv2264
1021,xzmei7676
2352,ovgoz8469
1799,rwsjc4125
2881,iossf9320
2293,gouzr6264
1819,cqtyu6709
2563,zfywi3262
2043,bethd9321
514,dsrod9642
552,cqtyu6709
2620,tijio5023
2202,dsrod9642
1930,iossf9320
1694,iossf9320
2879,udkvo9961
1646,tijio5023
41,mftmi0176
2231,zvalj2778
2317,udkvo9961
1412,cqtyu6709
1144,tijio5023
691,zfywi3262
2423,bethd9321
1461,twslv2264
1656,bgpem2396
2086,xzmei7676
1621,udkvo9961
2036,mftmi0176
2414,iossf9320
1684,rwsjc4125
1513,rwsjc4125
1487,xzmei7676
30,zfywi3262
2244,muhas8126
2875,bgpem2396
1590,tijio5023
580,xzmei7676
1485,iossf9320
2049,seoad8070
453,xzmei7676
573,iossf9320
749,tijio5023
825,zfywi3262
314,vpxpr9912
720,gouzr6264
1351,seoad8070
2525,twslv2264
202,muhas8126
2336,muhas8126
1974,muhas8126
1293,zfywi3262
150,muhas8126
2007,bgpem2396
1547,xzmei7676
713,seoad8070
2967,pddye6765
2323,pddye6765
271,zvalj2778
1796,vpxpr9912
965,seoad8070
756,dsrod9642
235,xzmei7676
2302,mftmi0176
2656,zvalj2778
1411,rwsjc4125
1496,vpxpr9912
2831,twslv2264
2649,gouzr6264
1158,udkvo9961
1628,muhas8126
326,bgpem2396
241,gouzr6264
622,bethd9321
631,bethd9321
447,muhas8126
1507,zfywi3262
1702,tijio5023
1764,gouzr6264
1780,vpxpr9912
605,zfywi3262
534,dsrod9642
2934,vpxpr9912
2447,sxpju3904
1478,bgpem2396
2794,pddye6765
252,ovgoz8469
1184,seoad8070
409,xzmei7676
32,muhas8126
229,udkvo9961
116,ovgoz8469
625,udkvo9961
1739,udkvo9961
2407,dsrod9642
52,xzmei7676
1501,rwsjc4125
2790,mftmi0176
2116,bgpem2396
301,mftmi0176
650,zfywi3262
2744,pddye6765
99,rwsjc4125
2984,seoad8070
1421,zvalj2778
506,udkvo9961
2656,mftmi0176
1100,zvalj2778
2861,sxpju3904
1999,udkvo9961
2094,rwsjc4125
1598,bgpem2396
2830,xzmei7676
2432,tijio5023
1242,zfywi3262
581,tijio5023
75,iossf9320
2657,vpxpr9912
24,sxpju3904
1220,iossf9320
2085,sxpju3904
2441,gouzr6264
1011,iossf9320
1640,zvalj2778
2983,twslv2264
2815,mftmi0176
1371,ovgoz8469
831,bgpem2396
2730,xzmei7676
549,xzmei7676
1925,seoad8070
1319,udkvo9961
1864,dsrod9642
509,ovgoz8469
870,xzmei7676
2607,mftmi0176
2949,udkvo9961
1635,udkvo9961
658,seoad8070
2766,mftmi0176
1769,ovgoz8469
2742,mftmi0176
1219,rwsjc4125
2358,udkvo9961
1789,rwsjc4125
1450,twslv2264
2687,dsrod9642
2385,zfywi3262
2982,zfywi3262
1117,sxpju3904
2835,ovgoz8469
2884,seoad8070
655,ovgoz8469
1679,seoad8070
1807,muhas8126
381,dsrod9642
869,pddye6765
814,pddye6765
2032,pddye6765
1902,sxpju3904
1883,pddye6765
2517,iossf9320
1724,mftmi0176
382,dsrod9642
993,dsrod9642
1562,sxpju3904
389,tijio5023
2543,vpxpr9912
1372,muhas8126
82,pddye6765
2955,xzmei7676
82,mftmi0176
2065,ovgoz8469
2862,bethd9321
192,bethd9321
1107,bethd9321
2346,sxpju3904
722,rwsjc4125
1111,cqtyu6709
112,muhas8126
854,ovgoz8469
1218,zvalj2778
2569,bethd9321
1150,xzmei7676
2651,tijio5023
1822,zfywi3262
2709,cqtyu6709
2663,twslv2264
2011,muhas8126
2388,sxpju3904
607,twslv2264
859,twslv2264
2148,muhas8126
1621,pddye6765
2288,udkvo9961
2282,muhas8126
2746,muhas8126
593,rwsjc4125
2299,tijio5023
1942,zvalj2778
1100,cqtyu6709
1423,sxpju3904
754,bethd9321
2181,cqtyu6709
545,rwsjc4125
2776,zfywi3262
1512,zfywi3262
397,cqtyu6709
2551,dsrod9642
205,muhas8126
1126,seoad8070
1054,dsrod9642
2493,zvalj2778
1758,gouzr6264
1280,rwsjc4125
1618,muhas8126
1220,mftmi0176
757,twslv2264
2167,udkvo9961
2067,bgpem2396
2139,seoad8070
2038,vpxpr9912
2180,cqtyu6709
243,mftmi0176
1542,vpxpr9912
1523,seoad8070
2052,mftmi0176
2487,ovgoz8469
2205,zfywi3262
576,muhas8126
817,vpxpr9912
2936,dsrod9642
315,zfywi3262
465,dsrod9642
1273,bgpem2396
763,gouzr6264
888,vpxpr9912
1796,dsrod9642
2046,tijio5023
2806,cqtyu6709
2569,sxpju3904
2467,seoad8070
1548,sxpju3904
1589,zvalj2778
1521,gouzr6264
2952,muhas8126
276,iossf9320
2647,cqtyu6709
2879,twslv2264
806,ovgoz8469
1824,zvalj2778
267,zvalj2778
271,rwsjc4125
23,udkvo9961
2481,sxpju3904
438,sxpju3904
2641,mftmi0176
834,udkvo9961
1985,pddye6765
320,xzmei7676
2064,rwsjc4125
2161,bgpem2396
2947,twslv2264
2293,bethd9321
1394,ovgoz8469
2337,bgpem2396
784,bgpem2396
165,bethd9321
2926,seoad8070
1017,dsrod9642
1348,xzmei7676
1021,ovgoz8469
1257,muhas8126
880,ovgoz8469
1920,tijio5023
1239,seoad8070
38,zvalj2778
2691,iossf9320
2498,mftmi0176
535,iossf9320
162,muhas8126
2113,bgpem2396
2483,zvalj2778
2678,gouzr6264
2282,twslv2264
722,zfywi3262
2114,gouzr6264
1834,udkvo9961
357,iossf9320
2669,vpxpr9912
2618,bgpem2396
2559,cqtyu6709
1852,pddye6765
2085,udkvo9961
1092,bgpem2396
2809,muhas8126
1025,bethd9321
1442,gouzr6264
1243,vpxpr9912
501,vpxpr9912
1544,dsrod9642
441,dsrod9642
1544,iossf9320
1251,zfywi3262
610,dsrod9642
1463,bethd9321
911,udkvo9961
2741,bethd9321
2293,udkvo9961
1035,ovgoz8469
1267,gouzr6264
1292,pddye6765
2773,iossf9320
2030,muhas8126
1850,zfywi3262
536,dsrod9642
2166,xzmei7676
106,udkvo9961
2911,bgpem2396
2609,dsrod9642
1859,zvalj2778
2085,bethd9321
1388,iossf9320
2269,sxpju3904
2138,udkvo9961
1717,xzmei7676
981,bgpem2396
2176,bgpem2396
1998,cqtyu6709
1965,bgpem2396
1406,iossf9320
2344,rwsjc4125
2948,dsrod9642
1899,cqtyu6709
829,xzmei7676
1388,rwsjc4125
1069,twslv2264
674,bgpem2396
1903,bethd9321
2444,iossf9320
1062,vpxpr9912
2146,xzmei7676
261,xzmei7676
1891,xzmei7676
2526,mftmi0176
2993,udkvo9961
2919,seoad8070
330,zvalj2778
1886,zvalj2778
785,twslv2264
2075,tijio5023
1432,bethd9321
1605,udkvo9961
2821,mftmi0176
1625,xzmei7676
1781,dsrod9642
2123,zvalj2778
2137,bethd9321
2633,bethd9321
2194,dsrod9642
1987,ovgoz8469
2709,zvalj2778
829,ovgoz8469
1023,zvalj2778
2111,bgpem2396
2025,rwsjc4125
2086,rwsjc4125
503,twslv2264
504,ovgoz8469
2952,bgpem2396
552,gouzr6264
1120,muhas8126
1430,tijio5023
2114,iossf9320
2550,muhas8126
95,tijio5023
2359,seoad8070
2483,cqtyu6709
2013,bethd9321
2161,xzmei7676
1863,sxpju3904
1221,pddye6765
1451,udkvo9961
284,bethd9321
1676,xzmei7676
2503,rwsjc4125
504,gouzr6264
1681,zfywi3262
1224,muhas8126
799,gouzr6264
206,seoad8070
1096,seoad8070
915,dsrod9642
556,bethd9321
1206,muhas8126
1023,sxpju3904
1859,cqtyu6709
2557,vpxpr9912
1464,zfywi3262
1999,twslv2264
166,zvalj2778
1832,vpxpr9912
1552,bethd9321
378,vpxpr9912
2476,seoad8070
1866,cqtyu6709
1508,bgpem2396
1429,zvalj2778
1712,ovgoz8469
2494,zfywi3262
267,zfywi3262
2134,bethd9321
561,iossf9320
2569,ovgoz8469
1958,gouzr6264
209,pddye6765
2333,pddye6765
2949,xzmei7676
2899,ovgoz8469
469,gouzr6264
2886,sxpju3904
403,udkvo9961
1481,xzmei7676
1353,vpxpr9912
2074,bethd9321
1963,twslv2264
2144,pddye6765
1376,vpxpr9912
1448,zvalj2778
1765,iossf9320
598,xzmei7676
592,dsrod9642
1289,zvalj2778
2327,seoad8070
469,dsrod9642
1122,bethd9321
889,xzmei7676
2317,iossf9320
2215,zvalj2778
2515,gouzr6264
1136,bgpem2396
1665,tijio5023
1651,rwsjc4125
1155,gouzr6264
2726,xzmei7676
106,vpxpr9912
1447,rwsjc4125
1602,gouzr6264
300,sxpju3904
2241,twslv2264
2353,zfywi3262
1561,ovgoz8469
303,mftmi0176
15,bethd9321
2833,zfywi3262
264,xzmei7676
39,rwsjc4125
1636,udkvo9961
1252,seoad8070
1188,vpxpr9912
1483,bethd9321
1481,ovgoz8469
286,gouzr6264
678,sxpju3904
735,pddye6765
1389,seoad8070
196,tijio5023
1403,bethd9321
546,xzmei7676
1868,tijio5023
2763,mftmi0176
2331,dsrod9642
1500,zfywi3262
1868,sxpju3904
928,zvalj2778
2838,zvalj2778
872,dsrod9642
2423,zvalj2778
2648,cqtyu6709
63,bethd9321
1689,rwsjc4125
995,muhas8126
2510,muhas8126
1923,ovgoz8469
2138,rwsjc4125
1943,rwsjc4125
1836,rwsjc4125
1313,udkvo9961
664,vpxpr9912
725,vpxpr9912
2619,sxpju3904
533,pddye6765
2278,rwsjc4125
2516,seoad8070
417,vpxpr9912
1651,cqtyu6709
221,muhas8126
2979,tijio5023
2428,bgpem2396
1440,pddye6765
1856,rwsjc4125
636,muhas8126
1353,mftmi0176
1233,cqtyu6709
1629,tijio5023
2641,gouzr6264
2912,gouzr6264
1822,bethd9321
2839,iossf9320
788,sxpju3904
1057,pddye6765
493,zfywi3262
2866,gouzr6264
2659,gouzr6264
599,sxpju3904
2376,dsrod9642
1026,xzmei7676
2835,zfywi3262
969,zvalj2778
600,gouzr6264
1667,twslv2264
2538,tijio5023
1211,xzmei7676
1900,xzmei7676
1287,zvalj2778
2915,bethd9321
852,udkvo9961
2390,twslv2264
1851,tijio5023
2206,zfywi3262
961,mftmi0176
428,vpxpr9912
858,twslv2264
794,zfywi3262
105,muhas8126
846,dsrod9642
1009,mftmi0176
2956,ovgoz8469
2600,seoad8070
2424,vpxpr9912
714,tijio5023
196,dsrod9642
2745,xzmei7676
877,pddye6765
2580,sxpju3904
1609,rwsjc4125
1921,cqtyu6709
855,rwsjc4125
2196,ovgoz8469
1708,rwsjc4125
861,bgpem2396
932,cqtyu6709
2474,udkvo9961
800,mftmi0176
233,pddye6765
1121,twslv2264
2066,bgpem2396
340,cqtyu6709
577,sxpju3904
224,zvalj2778
1204,bgpem2396
684,bgpem2396
2109,ovgoz8469
1646,dsrod9642
1883,rwsjc4125
2579,dsrod9642
1377,mftmi0176
247,sxpju3904
89,vpxpr9912
994,dsrod9642
1314,tijio5023
191,seoad8070
1647,dsrod9642
2402,pddye6765
1251,sxpju3904
2073,sxpju3904
762,ovgoz8469
1642,xzmei7676
1566,vpxpr9912
730,dsrod9642
148,iossf9320
554,dsrod9642
2309,bethd9321
909,dsrod9642
2852,xzmei7676
2561,iossf9320
1294,ovgoz8469
1790,gouzr6264
1342,mftmi0176
2441,twslv2264
1305,zvalj2778
1990,zfywi3262
128,pddye6765
64,bethd9321
1817,bethd9321
1412,iossf9320
1768,mftmi0176
380,muhas8126
1288,seoad8070
351,mftmi0176
2292,tijio5023
2108,bgpem2396
1773,cqtyu6709
1139,dsrod9642
1970,muhas8126
2192,zfywi3262
837,zvalj2778
1076,zvalj2778
2687,tijio5023
2104,sxpju3904
2136,bgpem2396
159,pddye6765
1113,ovgoz8469
806,bethd9321
1868,vpxpr9912
2,twslv2264