bno,id
955,mftmi0176
67,rwsjc4125
625,cqtyu6709
442,iossf9320
601,rwsjc4125
865,rwsjc4125
361,muhas8126
303,bgpem2396
879,dsrod9642
854,seoad8070
598,tijio5023
450,vpxpr9912
37,seoad8070
525,dsrod9642
512,rwsjc4125
514,bgpem2396
558,vpxpr9912
235,dsrod9642
899,bgpem2396
466,pddye6765
39,twslv2264
179,iossf9320
505,bgpem2396
715,zfywi3262
305,zfywi3262
679,seoad8070
625,seoad8070
151,cqtyu6709
989,udkvo9961
177,pddye6765
955,rwsjc4125
848,bgpem2396
751,mftmi0176
169,twslv2264
571,twslv2264
496,cqtyu6709
285,zvalj2778
445,pddye6765
233,rwsjc4125
830,tijio5023
286,vpxpr9912
457,xzmei7676
131,pddye6765
209,zfywi3262
564,rwsjc4125
304,twslv2264
632,cqtyu6709
265,gouzr6264
594,mftmi0176
835,vpxpr9912
519,rwsjc4125
19,udkvo9961
867,xzmei7676
618,cqtyu6709
734,gouzr6264
142,twslv2264
550,ovgoz8469
94,dsrod9642
645,gouzr6264
118,sxpju3904
139,cqtyu6709
39,dsrod9642
424,bethd9321
891,zvalj2778
968,mftmi0176
582,zvalj2778
195,ovgoz8469
220,cqtyu6709
673,udkvo9961
416,zfywi3262
247,gouzr6264
371,pddye6765
970,rwsjc4125
514,cqtyu6709
743,seoad8070
947,xzmei7676
394,zvalj2778
612,bethd9321
41,xzmei7676
656,dsrod9642
966,sxpju3904
950,dsrod9642
957,zfywi3262
533,ovgoz8469
107,rwsjc4125
303,sxpju3904
42,twslv2264
702,pddye6765
508,twslv2264
97,bethd9321
214,muhas8126
45,tijio5023
76,cqtyu6709
903,zfywi3262
255,muhas8126
515,xzmei7676
192,pddye6765
625,sxpju3904
590,rwsjc4125
971,bethd9321
315,bethd9321
588,rwsjc4125
631,seoad8070
743,sxpju3904
259,cqtyu6709
438,tijio5023
361,bethd9321
450,twslv2264
174,gouzr6264
919,udkvo9961
713,sxpju3904
655,vpxpr9912
716,tijio5023
332,cqtyu6709
912,mftmi0176
831,zvalj2778
487,twslv2264
614,bgpem2396
703,xzmei7676
62,tijio5023
223,sxpju3904
414,udkvo9961
315,zvalj2778
466,rwsjc4125
455,ovgoz8469
504,twslv2264
396,mftmi0176
601,muhas8126
961,rwsjc4125
23,udkvo9961
923,dsrod9642
5,vpxpr9912
422,vpxpr9912
938,udkvo9961
844,ovgoz8469
201,zfywi3262
362,iossf9320
809,tijio5023
955,bethd9321
930,bgpem2396
642,bethd9321
397,dsrod9642
418,ovgoz8469
153,xzmei7676
453,rwsjc4125
919,rwsjc4125
86,zvalj2778
325,bgpem2396
44,rwsjc4125
786,bgpem2396
764,xzmei7676
791,mftmi0176
152,sxpju3904
472,dsrod9642
401,mftmi0176
694,iossf9320
441,gouzr6264
737,cqtyu6709
166,twslv2264
687,pddye6765
68,xzmei7676
843,twslv2264
358,muhas8126
830,seoad8070
877,twslv2264
525,iossf9320
73,seoad8070
529,dsrod9642
623,twslv2264
430,bethd9321
628,twslv2264
42,cqtyu6709
45,udkvo9961
455,bgpem2396
786,sxpju3904
78,pddye6765
575,iossf9320
920,dsrod9642
941,muhas8126
273,vpxpr9912
981,gouzr6264
794,zvalj2778
560,vpxpr9912
886,sxpju3904
234,mftmi0176
242,ovgoz8469
325,ovgoz8469
879,xzmei7676
465,pddye6765
626,ovgoz8469
637,bethd9321
658,seoad8070
968,bgpem2396
708,pddye6765
361,seoad8070
129,sxpju3904
814,cqtyu6709
203,seoad8070
943,xzmei7676
444,muhas8126
784,dsrod9642
334,muhas8126
684,xzmei7676
33,mftmi0176
646,rwsjc4125
471,zvalj2778
55,cqtyu6709
79,dsrod9642
282,tijio5023
408,zvalj2778
611,gouzr6264
486,zfywi3262
104,udkvo9961
597,cqtyu6709
365,sxpju3904
854,bethd9321
779,iossf9320
205,muhas8126
708,sxpju3904
553,zvalj2778
710,muhas8126
828,mftmi0176
416,bgpem2396
977,seoad8070
752,muhas8126
417,bgpem2396
178,pddye6765
943,zfywi3262
924,twslv2264
750,zvalj2778
483,pddye6765
290,pddye6765
142,cqtyu6709
332,tijio5023
932,dsrod9642
622,sxpju3904
128,udkvo9961
160,muhas8126
501,bethd9321
652,mftmi0176
721,cqtyu6709
398,ovgoz8469
64,muhas8126
542,iossf9320
559,bethd9321
655,seoad8070
531,xzmei7676
212,cqtyu6709
682,xzmei7676
203,xzmei7676
277,twslv2264
602,xzmei7676
933,sxpju3904
173,iossf9320
159,pddye6765
488,gouzr6264
192,mftmi0176
514,sxpju3904
298,twslv2264
551,ovgoz8469
348,bgpem2396
233,dsrod9642
995,zvalj2778
70,iossf9320
620,cqtyu6709
232,zvalj2778
567,bgpem2396
759,twslv2264
328,iossf9320
896,dsrod9642
684,mftmi0176
13,zfywi3262
412,tijio5023
409,seoad8070
733,tijio5023
52,tijio5023
97,seoad8070
685,iossf9320
91,bgpem2396
226,bgpem2396
852,sxpju3904
701,udkvo9961
746,zvalj2778
60,seoad8070
432,dsrod9642
971,mftmi0176
552,dsrod9642
444,cqtyu6709
154,bethd9321
879,bgpem2396
576,iossf9320
754,xzmei7676
688,dsrod9642
586,zvalj2778
383,bgpem2396
574,iossf9320
639,vpxpr9912
291,udkvo9961
849,dsrod9642
130,dsrod9642
856,cqtyu6709
662,xzmei7676
28,bgpem2396
508,zvalj2778
945,gouzr6264
392,rwsjc4125
927,seoad8070
218,twslv2264
735,ovgoz8469
944,dsrod9642
520,zfywi3262
695,seoad8070
498,udkvo9961
720,bethd9321
230,xzmei7676
869,vpxpr9912
582,muhas8126
95,seoad8070
165,seoad8070
55,iossf9320
736,ovgoz8469
962,twslv2264
819,twslv2264
995,cqtyu6709
820,iossf9320
731,mftmi0176
603,vpxpr9912
48,xzmei7676
772,mftmi0176
967,zvalj2778
540,tijio5023
228,bgpem2396
671,zfywi3262
208,udkvo9961
668,iossf9320
954,muhas8126
510,rwsjc4125
857,ovgoz8469
257,pddye6765
165,muhas8126
793,zfywi3262
393,pddye6765
686,udkvo9961
698,tijio5023
401,sxpju3904
600,zfywi3262
957,xzmei7676
651,udkvo9961
281,zfywi3262
941,xzmei7676
149,rwsjc4125
771,cqtyu6709
336,zfywi3262
673,ovgoz8469
771,zfywi3262
798,gouzr6264
630,bethd9321
827,bethd9321
900,xzmei7676
73,zvalj2778
382,cqtyu6709
707,twslv2264
180,twslv2264
667,muhas8126
497,mftmi0176
130,zfywi3262
254,bethd9321
737,twslv2264
355,tijio5023
235,xzmei7676
965,bethd9321
816,cqtyu6709
372,pddye6765
334,seoad8070
711,zfywi3262
261,vpxpr9912
418,bgpem2396
914,bethd9321
663,zfywi3262
150,bgpem2396
492,iossf9320
638,muhas8126
170,iossf9320
498,twslv2264
220,ovgoz8469
867,sxpju3904
574,rwsjc4125
768,udkvo9961
617,twslv2264
42,udkvo9961
804,zfywi3262
342,zvalj2778
260,zvalj2778
7,zvalj2778
612,pddye6765
740,vpxpr9912
486,muhas8126
200,tijio5023
12,pddye6765
152,ovgoz8469
471,sxpju3904
488,zfywi3262
520,zvalj2778
19,bgpem2396
84,vpxpr9912
95,cqtyu6709
254,sxpju3904
242,zfywi3262
648,zfywi3262
239,muhas8126
917,rwsjc4125
36,tijio5023
495,zvalj2778
587,dsrod9642
69,zfywi3262
346,tijio5023
77,gouzr6264
478,vpxpr9912
842,seoad8070
748,iossf9320
566,mftmi0176
375,vpxpr9912
695,mftmi0176
504,tijio5023
697,pddye6765
755,bethd9321
240,dsrod9642
134,seoad8070
942,udkvo9961
43,rwsjc4125
1000,dsrod9642
547,gouzr6264
968,gouzr6264
445,cqtyu6709
926,bethd9321
28,xzmei7676
214,ovgoz8469
81,muhas8126
557,ovgoz8469
411,tijio5023
619,tijio5023
636,sxpju3904
249,zfywi3262
626,twslv2264
712,ovgoz8469
885,dsrod9642
966,pddye6765
432,seoad8070
504,seoad8070
806,xzmei7676
790,xzmei7676
559,cqtyu6709
883,bethd9321
694,gouzr6264
401,tijio5023
658,ovgoz8469
499,gouzr6264
627,mftmi0176
518,zfywi3262
445,udkvo9961
468,xzmei7676
883,zfywi3262
436,iossf9320
162,zvalj2778
532,vpxpr9912
413,cqtyu6709
16,bethd9321
746,rwsjc4125
272,bethd9321
463,vpxpr9912
570,pddye6765
151,muhas8126
11,seoad8070
378,muhas8126
162,zfywi3262
329,bethd9321
353,zfywi3262
287,seoad8070
280,ovgoz8469
249,iossf9320
162,seoad8070
964,ovgoz8469
509,iossf9320
280,iossf9320
606,gouzr6264
692,twslv2264
93,dsrod9642
821,udkvo9961
623,udkvo9961
797,tijio5023
350,bethd9321
550,muhas8126
310,pddye6765
56,pddye6765
234,xzmei7676
895,ovgoz8469
577,ovgoz8469
958,zvalj2778
52,ovgoz8469
989,zfywi3262
505,pddye6765
333,ovgoz8469
975,rwsjc4125
997,zfywi3262
127,seoad8070
912,pddye6765
270,muhas8126
17,bgpem2396
966,dsrod9642
344,rwsjc4125
796,twslv2264
897,tijio5023
303,cqtyu6709
581,zvalj2778
620,dsrod9642
714,zfywi3262
538,udkvo9961
804,muhas8126
38,udkvo9961
738,zfywi3262
367,seoad8070
952,gouzr6264
394,cqtyu6709
249,bethd9321
248,cqtyu6709
163,bethd9321
773,twslv2264
333,gouzr6264
511,bethd9321
252,rwsjc4125
511,gouzr6264
3,bethd9321
519,ovgoz8469
89,udkvo9961
609,dsrod9642
820,muhas8126
245,dsrod9642
557,twslv2264
755,iossf9320
817,udkvo9961
581,mftmi0176
133,bethd9321
356,bethd9321
624,udkvo9961
690,rwsjc4125
474,pddye6765
621,seoad8070
839,cqtyu6709
253,tijio5023
517,muhas8126
9,gouzr6264
806,sxpju3904
789,mftmi0176
524,pddye6765
113,sxpju3904
300,bethd9321
171,udkvo9961
860,vpxpr9912
609,pddye6765
540,xzmei7676
471,cqtyu6709
411,udkvo9961
71,mftmi0176
813,rwsjc4125
868,muhas8126
316,iossf9320
651,rwsjc4125
390,zvalj2778
396,bethd9321
840,iossf9320
149,iossf9320
909,bgpem2396
5,pddye6765
797,udkvo9961
434,tijio5023
953,cqtyu6709
252,udkvo9961
23,mftmi0176
693,iossf9320
565,zfywi3262
494,seoad8070
456,iossf9320
376,ovgoz8469
680,dsrod9642
778,pddye6765
455,cqtyu6709
112,udkvo9961
197,bgpem2396
399,udkvo9961
484,udkvo9961
476,twslv2264
232,pddye6765
98,vpxpr9912
754,twslv2264
35,vpxpr9912
816,vpxpr9912
491,muhas8126
507,bethd9321
31,dsrod9642
664,mftmi0176
206,seoad8070
106,cqtyu6709
486,vpxpr9912
868,pddye6765
627,udkvo9961
479,zvalj2778
722,udkvo9961
490,tijio5023
142,mftmi0176
239,udkvo9961
526,muhas8126
72,iossf9320
509,pddye6765
894,rwsjc4125
248,vpxpr9912
203,cqtyu6709
43,iossf9320
704,bethd9321
224,pddye6765
99,dsrod9642
206,bethd9321
14,sxpju3904
111,vpxpr9912
256,sxpju3904
850,bgpem2396
851,pddye6765
542,bgpem2396
488,vpxpr9912
36,twslv2264
547,mftmi0176
774,ovgoz8469
439,twslv2264
568,tijio5023
598,sxpju3904
827,xzmei7676
669,tijio5023
327,bgpem2396
767,udkvo9961
202,pddye6765
533,twslv2264
614,xzmei7676
178,cqtyu6709
777,ovgoz8469
190,pddye6765
170,vpxpr9912
490,bethd9321
845,bgpem2396
61,seoad8070
501,zfywi3262
477,udkvo9961
211,mftmi0176
964,seoad8070
487,dsrod9642
140,sxpju3904
150,udkvo9961
65,xzmei7676
793,muhas8126
772,tijio5023
571,tijio5023
724,mftmi0176
481,pddye6765
202,xzmei7676
144,pddye6765
286,iossf9320
359,xzmei7676
872,xzmei7676
276,xzmei7676
902,seoad8070
17,iossf9320
258,bethd9321
781,dsrod9642
227,twslv2264
568,sxpju3904
799,pddye6765
910,gouzr6264
334,udkvo9961
17,bethd9321
965,mftmi0176
576,vpxpr9912
608,vpxpr9912
546,twslv2264
95,gouzr6264
765,twslv2264
202,udkvo9961
835,muhas8126
887,tijio5023
653,pddye6765
637,vpxpr9912
896,gouzr6264
863,dsrod9642
355,rwsjc4125
196,bgpem2396
695,udkvo9961
640,vpxpr9912
642,gouzr6264
777,zvalj2778
996,muhas8126
728,udkvo9961
557,xzmei7676
54,zvalj2778
136,cqtyu6709
781,iossf9320
808,vpxpr9912
156,cqtyu6709
294,bgpem2396
399,muhas8126
150,gouzr6264
492,ovgoz8469
597,udkvo9961
129,mftmi0176
945,bgpem2396
410,bgpem2396
794,ovgoz8469
460,zfywi3262
957,vpxpr9912
316,sxpju3904
618,zvalj2778
945,sxpju3904
340,pddye6765
29,tijio5023
894,sxpju3904
476,vpxpr9912
457,zfywi3262
918,zvalj2778
371,tijio5023
512,dsrod9642
492,pddye6765
665,ovgoz8469
234,twslv2264
70,xzmei7676
273,mftmi0176
552,seoad8070
393,udkvo9961
111,dsrod9642
264,sxpju3904
62,ovgoz8469
510,cqtyu6709
952,zvalj2778
543,bethd9321
663,udkvo9961
878,ovgoz8469
141,tijio5023
369,seoad8070
503,udkvo9961
502,dsrod9642
993,muhas8126
756,bethd9321
681,cqtyu6709
76,seoad8070
773,iossf9320
26,mftmi0176
518,vpxpr9912
577,bethd9321
686,seoad8070
254,iossf9320
124,rwsjc4125
307,gouzr6264
694,zvalj2778
243,pddye6765
759,sxpju3904
875,xzmei7676
921,cqtyu6709
485,zfywi3262
909,iossf9320
762,cqtyu6709
838,zvalj2778
369,cqtyu6709
758,mftmi0176
867,ovgoz8469
681,bethd9321
745,twslv2264
732,vpxpr9912
632,bgpem2396
605,twslv2264
865,cqtyu6709
114,zfywi3262
155,zfywi3262
860,ovgoz8469
597,pddye6765
284,pddye6765
981,rwsjc4125
900,ovgoz8469
788,ovgoz8469
8,twslv2264
102,rwsjc4125
683,muhas8126
613,ovgoz8469
354,mftmi0176
79,mftmi0176
607,seoad8070
752,dsrod9642
208,seoad8070
88,mftmi0176
440,mftmi0176
301,ovgoz8469
93,zvalj2778
112,dsrod9642
333,cqtyu6709
358,dsrod9642
971,ovgoz8469
515,pddye6765
361,bgpem2396
968,rwsjc4125
480,vpxpr9912
523,seoad8070
366,zfywi3262
512,sxpju3904
637,mftmi0176
928,zvalj2778
637,pddye6765
217,iossf9320
119,zvalj2778
301,mftmi0176
89,ovgoz8469
938,iossf9320
437,tijio5023
867,cqtyu6709
397,iossf9320
814,vpxpr9912
528,bethd9321
781,sxpju3904
817,bethd9321
301,gouzr6264
927,pddye6765
831,xzmei7676
234,vpxpr9912
460,xzmei7676
583,zvalj2778
15,udkvo9961
786,muhas8126
616,bethd9321
34,pddye6765
874,dsrod9642
573,seoad8070
451,pddye6765
30,twslv2264
307,bgpem2396
860,zvalj2778
966,vpxpr9912
273,udkvo9961
751,iossf9320
775,sxpju3904
645,dsrod9642
722,xzmei7676
493,twslv2264
354,zfywi3262
722,dsrod9642
93,seoad8070
874,gouzr6264
34,dsrod9642
590,ovgoz8469
749,muhas8126
600,dsrod9642
575,bethd9321
789,dsrod9642
616,dsrod9642
950,gouzr6264
636,zvalj2778
960,mftmi0176
980,muhas8126
235,pddye6765
695,gouzr6264
592,udkvo9961
15,xzmei7676
453,dsrod9642
775,vpxpr9912
389,ovgoz8469
681,mftmi0176
732,bethd9321
471,pddye6765
619,gouzr6264
194,bethd9321
820,ovgoz8469
147,tijio5023
851,dsrod9642
617,cqtyu6709
558,bethd9321
709,zvalj2778
71,zfywi3262
229,bgpem2396
18,zfywi3262
337,mftmi0176
296,twslv2264
269,dsrod9642
748,tijio5023
647,iossf9320
455,dsrod9642
306,twslv2264
337,udkvo9961
290,gouzr6264
464,cqtyu6709
984,dsrod9642
355,seoad8070
655,zvalj2778
174,pddye6765
120,zfywi3262
565,seoad8070
414,tijio5023
76,sxpju3904
179,xzmei7676
183,mftmi0176
924,muhas8126
435,sxpju3904
901,zfywi3262
74,bgpem2396
851,vpxpr9912
932,ovgoz8469
294,vpxpr9912
40,bethd9321
38,bethd9321
971,sxpju3904
252,tijio5023
540,gouzr6264
27,zfywi3262
560,twslv2264
57,pddye6765
617,udkvo9961
866,bgpem2396
247,seoad8070
779,zfywi3262
659,dsrod9642
333,seoad8070
40,cqtyu6709
732,xzmei7676
389,rwsjc4125
144,seoad8070
848,zfywi3262
833,udkvo9961
781,udkvo9961
614,seoad8070
845,dsrod9642
429,mftmi0176
779,sxpju3904
646,gouzr6264
743,bethd9321
523,xzmei7676
153,sxpju3904
862,xzmei7676
396,gouzr6264
343,sxpju3904
919,sxpju3904
428,rwsjc4125
928,dsrod9642
10,udkvo9961
215,dsrod9642
913,zfywi3262
980,ovgoz8469
533,seoad8070
274,gouzr6264
717,zfywi3262
693,muhas8126
508,zfywi3262
744,gouzr6264
571,sxpju3904
947,bgpem2396
151,udkvo9961
729,vpxpr9912
148,tijio5023
701,vpxpr9912
46,vpxpr9912
408,bethd9321
936,muhas8126
454,zfywi3262
941,cqtyu6709
333,vpxpr9912
983,rwsjc4125
938,bgpem2396
695,iossf9320
588,pddye6765
532,sxpju3904
528,xzmei7676
838,dsrod9642
896,zfywi3262
64,pddye6765
454,sxpju3904
73,ovgoz8469
386,ovgoz8469
776,pddye6765
888,xzmei7676
443,rwsjc4125
188,tijio5023
43,zvalj2778
111,bgpem2396
815,iossf9320
255,seoad8070
8,gouzr6264
508,udkvo9961
803,gouzr6264
771,iossf9320
28,gouzr6264
877,dsrod9642
233,xzmei7676
346,twslv2264
348,zfywi3262
583,dsrod9642
801,pddye6765
695,rwsjc4125
443,vpxpr9912
584,twslv2264
914,bgpem2396
886,seoad8070
808,gouzr6264
726,udkvo9961
520,dsrod9642
833,seoad8070
211,ovgoz8469
644,iossf9320
392,udkvo9961
944,vpxpr9912
141,seoad8070
842,udkvo9961
394,mftmi0176
148,dsrod9642
921,mftmi0176
533,zvalj2778
963,gouzr6264
433,rwsjc4125
437,zvalj2778
16,twslv2264
158,iossf9320
230,zfywi3262
467,zvalj2778
752,twslv2264
540,iossf9320
640,iossf9320
729,pddye6765
699,rwsjc4125
279,tijio5023
685,sxpju3904
486,iossf9320
963,tijio5023
270,zvalj2778
420,zvalj2778
33,bgpem2396
24,xzmei7676
290,seoad8070
138,twslv2264
2,rwsjc4125
568,gouzr6264
572,vpxpr9912
430,ovgoz8469
267,cqtyu6709
781,gouzr6264
222,sxpju3904
195,cqtyu6709
208,twslv2264
402,bethd9321
75,mftmi0176
591,twslv2264
606,xzmei7676
193,twslv2264
609,iossf9320
930,muhas8126
425,iossf9320
745,seoad8070
680,ovgoz8469
59,muhas8126
749,zvalj2778
636,vpxpr9912
3,seoad8070
637,twslv2264
710,seoad8070
763,bethd9321
502,zfywi3262
783,seoad8070
327,seoad8070
330,xzmei7676
866,zfywi3262
983,muhas8126
780,iossf9320
372,mftmi0176
935,xzmei7676
831,ovgoz8469
830,rwsjc4125
856,zfywi3262
798,muhas8126
95,bgpem2396
714,xzmei7676
416,mftmi0176
828,cqtyu6709
874,ovgoz8469
135,bethd9321
494,gouzr6264
228,pddye6765
108,muhas8126
208,iossf9320
32,vpxpr9912
494,rwsjc4125
578,bgpem2396
945,zfywi3262
968,muhas8126
827,twslv2264
822,pddye6765
236,xzmei7676
686,rwsjc4125
368,rwsjc4125
99,muhas8126
516,pddye6765
713,iossf9320
733,zfywi3262
952,mftmi0176
549,vpxpr9912
744,twslv2264
133,mftmi0176
555,xzmei7676
146,bgpem2396
568,dsrod9642
575,udkvo9961
332,gouzr6264
42,zfywi3262
4,ovgoz8469
445,ovgoz8469
721,seoad8070
564,dsrod9642
496,tijio5023
266,bgpem2396
697,bgpem2396
103,udkvo9961
885,xzmei7676
230,bethd9321
441,zvalj2778
837,iossf9320
696,udkvo9961
101,gouzr6264
968,ovgoz8469
920,udkvo9961
647,zvalj2778
119,dsrod9642
991,tijio5023
639,ovgoz8469
653,rwsjc4125
942,cqtyu6709
909,zvalj2778
114,sxpju3904
759,bgpem2396
762,rwsjc4125
494,dsrod9642
836,zfywi3262
299,sxpju3904
761,cqtyu6709
799,udkvo9961
888,bgpem2396
170,xzmei7676
868,bethd9321
15,tijio5023
39,sxpju3904
629,sxpju3904
652,gouzr6264
543,rwsjc4125
562,mftmi0176
389,tijio5023
726,gouzr6264
288,bethd9321
41,zfywi3262
78,udkvo9961
385,cqtyu6709
855,mftmi0176
755,twslv2264
66,sxpju3904
651,vpxpr9912
601,ovgoz8469
963,muhas8126
402,tijio5023
573,iossf9320
18,vpxpr9912
465,muhas8126
95,iossf9320
885,bethd9321
71,iossf9320
941,ovgoz8469
916,zvalj2778
499,rwsjc4125
747,iossf9320
831,iossf9320
787,vpxpr9912
278,xzmei7676
552,bgpem2396
482,cqtyu6709
190,ovgoz8469
129,muhas8126
121,pddye6765
981,udkvo9961
46,tijio5023
670,twslv2264
716,muhas8126
111,udkvo9961
933,zvalj2778
510,vpxpr9912
172,bethd9321
517,dsrod9642
388,zvalj2778
585,bethd9321
676,iossf9320
614,muhas8126
194,pddye6765
567,iossf9320
136,xzmei7676
254,rwsjc4125
870,muhas8126
126,sxpju3904
760,rwsjc4125
936,iossf9320
311,mftmi0176
42,gouzr6264
894,ovgoz8469
609,xzmei7676
577,mftmi0176
144,twslv2264
461,vpxpr9912
266,xzmei7676
4,sxpju3904
560,iossf9320
728,dsrod9642
296,rwsjc4125
546,ovgoz8469
365,iossf9320
600,twslv2264
159,ovgoz8469
770,bethd9321
735,cqtyu6709
77,bgpem2396
625,udkvo9961
459,pddye6765
856,bgpem2396
642,mftmi0176
125,udkvo9961
668,seoad8070
614,rwsjc4125
104,pddye6765
178,tijio5023
347,rwsjc4125
198,mftmi0176
119,iossf9320
68,zfywi3262
201,mftmi0176
557,zfywi3262
515,muhas8126
682,bethd9321
318,mftmi0176
179,cqtyu6709
584,seoad8070
295,gouzr6264
712,muhas8126
666,mftmi0176
620,rwsjc4125
153,pddye6765
785,tijio5023
396,vpxpr9912
207,iossf9320
137,udkvo9961
93,mftmi0176
503,sxpju3904
805,sxpju3904
575,ovgoz8469
144,tijio5023
979,seoad8070
68,gouzr6264
359,dsrod9642
737,pddye6765
494,mftmi0176
173,vpxpr9912
162,bethd9321
576,pddye6765
537,xzmei7676
257,udkvo9961
897,zvalj2778
690,dsrod9642
309,gouzr6264
15,seoad8070
72,twslv2264
463,tijio5023
392,bethd9321
457,sxpju3904
622,mftmi0176
947,cqtyu6709
589,pddye6765
766,udkvo9961
885,twslv2264
496,rwsjc4125
490,xzmei7676
254,muhas8126
850,dsrod9642
617,zvalj2778
255,bethd9321
495,bgpem2396
434,udkvo9961
838,bgpem2396
165,dsrod9642
2,twslv2264
54,xzmei7676
348,mftmi0176
470,dsrod9642
951,twslv2264
676,pddye6765
563,gouzr6264
652,pddye6765
71,pddye6765
252,twslv2264
641,bethd9321
898,ovgoz8469
32,udkvo9961
121,zfywi3262
941,twslv2264
622,tijio5023
813,iossf9320
79,rwsjc4125
484,bethd9321
618,sxpju3904
595,twslv2264
985,vpxpr9912
990,rwsjc4125
154,zvalj2778
820,mftmi0176
163,udkvo9961
613,bethd9321
472,bgpem2396
969,bethd9321
518,cqtyu6709
483,xzmei7676
483,twslv2264
883,cqtyu6709
500,seoad8070
774,dsrod9642
952,sxpju3904
827,muhas8126
472,muhas8126
466,zvalj2778
301,vpxpr9912
91,dsrod9642
181,vpxpr9912
829,xzmei7676
170,seoad8070
232,mftmi0176
671,muhas8126
58,rwsjc4125
60,vpxpr9912
186,udkvo9961
917,mftmi0176
46,ovgoz8469
854,tijio5023
848,twslv2264
298,bethd9321
533,rwsjc4125
29,pddye6765
951,dsrod9642
929,muhas8126
524,cqtyu6709
312,tijio5023
340,bethd9321
224,xzmei7676
466,xzmei7676
607,dsrod9642
661,ovgoz8469
245,zfywi3262
629,dsrod9642
44,sxpju3904
522,muhas8126
732,ovgoz8469
339,ovgoz8469
386,pddye6765
915,iossf9320
246,gouzr6264
382,ovgoz8469
886,gouzr6264
772,vpxpr9912
8,bgpem2396
839,pddye6765
604,cqtyu6709
399,tijio5023
410,mftmi0176
795,zfywi3262
711,zvalj2778
555,pddye6765
524,seoad8070
344,seoad8070
262,seoad8070
689,iossf9320
917,gouzr6264
557,cqtyu6709
79,muhas8126
267,muhas8126
45,zvalj2778
849,zfywi3262
258,cqtyu6709
104,rwsjc4125
444,udkvo9961
294,bethd9321
250,bethd9321
92,zvalj2778
196,rwsjc4125
946,zvalj2778
523,sxpju3904
505,twslv2264
10,pddye6765
572,dsrod9642
429,bethd9321
152,pddye6765
567,dsrod9642
232,twslv2264
235,cqtyu6709
904,twslv2264
899,cqtyu6709
275,cqtyu6709
942,bgpem2396
664,iossf9320
264,cqtyu6709
957,ovgoz8469
37,dsrod9642
356,muhas8126
694,xzmei7676
323,seoad8070
861,rwsjc4125
239,dsrod9642
235,rwsjc4125
493,muhas8126
704,zfywi3262
880,seoad8070
8,bethd9321
726,rwsjc4125
992,rwsjc4125
506,sxpju3904
402,muhas8126
214,zvalj2778
312,pddye6765
574,vpxpr9912
829,vpxpr9912
575,gouzr6264
531,sxpju3904
309,udkvo9961
96,zfywi3262
885,seoad8070
233,pddye6765
610,dsrod9642
579,mftmi0176
309,mftmi0176
737,sxpju3904
807,pddye6765
511,dsrod9642
504,dsrod9642
186,rwsjc4125
842,bgpem2396
170,udkvo9961
324,tijio5023
589,rwsjc4125
61,sxpju3904
74,muhas8126
166,muhas8126
615,rwsjc4125
194,zvalj2778
209,mftmi0176
661,muhas8126
173,mftmi0176
748,ovgoz8469
555,bgpem2396
339,bgpem2396
719,mftmi0176
596,muhas8126
810,twslv2264
735,tijio5023
938,mftmi0176
639,pddye6765
310,zfywi3262
70,twslv2264
419,vpxpr9912
881,udkvo9961
657,mftmi0176
519,mftmi0176
703,sxpju3904
149,tijio5023
824,zvalj2778
513,seoad8070
876,iossf9320
962,vpxpr9912
749,udkvo9961
931,seoad8070
246,muhas8126
516,muhas8126
547,cqtyu6709
567,zfywi3262
39,gouzr6264
430,mftmi0176
549,zvalj2778
70,udkvo9961
335,bgpem2396
655,udkvo9961
722,pddye6765
457,rwsjc4125
842,tijio5023
711,mftmi0176
444,sxpju3904
156,xzmei7676
289,sxpju3904
173,zvalj2778
609,sxpju3904
143,bethd9321
80,sxpju3904
139,mftmi0176
841,cqtyu6709
713,gouzr6264
961,gouzr6264
186,cqtyu6709
377,ovgoz8469
545,vpxpr9912
9,bethd9321
553,seoad8070
505,seoad8070
390,pddye6765
743,muhas8126
405,gouzr6264
732,rwsjc4125
315,pddye6765
393,rwsjc4125
448,udkvo9961
644,gouzr6264
901,dsrod9642
162,bgpem2396
76,zvalj2778
97,zvalj2778
878,udkvo9961
295,cqtyu6709
419,muhas8126
137,mftmi0176
49,zvalj2778
108,bethd9321
72,zfywi3262
771,seoad8070
274,zfywi3262
803,iossf9320
287,sxpju3904
697,ovgoz8469
559,vpxpr9912
293,udkvo9961
29,udkvo9961
28,pddye6765
702,ovgoz8469
481,udkvo9961
560,zfywi3262
187,bethd9321
129,twslv2264
221,cqtyu6709
92,mftmi0176
822,muhas8126
519,muhas8126
604,rwsjc4125
542,twslv2264
165,bgpem2396
351,zfywi3262
851,bethd9321
212,twslv2264
970,ovgoz8469
393,vpxpr9912
285,dsrod9642
541,sxpju3904
319,udkvo9961
452,rwsjc4125
291,mftmi0176
203,gouzr6264
321,cqtyu6709
866,zvalj2778
456,vpxpr9912
908,mftmi0176
107,cqtyu6709
527,zfywi3262
376,sxpju3904
59,bethd9321
469,twslv2264
235,muhas8126
765,cqtyu6709
40,muhas8126
702,muhas8126
437,xzmei7676
138,seoad8070
404,gouzr6264
477,gouzr6264
745,udkvo9961
144,mftmi0176
120,iossf9320
470,seoad8070
378,zvalj2778
937,bethd9321
831,mftmi0176
905,mftmi0176
661,dsrod9642
407,ovgoz8469
563,zvalj2778
439,udkvo9961
655,bgpem2396
311,dsrod9642
943,cqtyu6709
241,xzmei7676
418,bethd9321
350,gouzr6264
566,tijio5023
940,seoad8070
440,dsrod9642
4,dsrod9642
768,seoad8070
119,rwsjc4125
274,bethd9321
532,gouzr6264
771,dsrod9642
388,mftmi0176
464,rwsjc4125
857,zvalj2778
815,bgpem2396
672,mftmi0176
461,rwsjc4125
192,iossf9320
655,muhas8126
238,tijio5023
187,pddye6765
532,mftmi0176
166,dsrod9642
633,twslv2264
35,seoad8070
544,tijio5023
407,twslv2264
333,bgpem2396
474,zvalj2778
146,muhas8126
334,mftmi0176
703,muhas8126
855,cqtyu6709
362,dsrod9642
680,sxpju3904
187,zvalj2778
477,ovgoz8469
176,rwsjc4125
67,bethd9321
224,gouzr6264
509,seoad8070
916,bgpem2396
731,seoad8070
109,cqtyu6709
81,twslv2264
374,vpxpr9912
858,bethd9321
712,rwsjc4125
491,iossf9320
50,muhas8126
688,sxpju3904
683,cqtyu6709
764,rwsjc4125
859,bethd9321
364,pddye6765
214,mftmi0176
368,zvalj2778
384,xzmei7676
477,iossf9320
443,pddye6765
404,mftmi0176
793,iossf9320
483,vpxpr9912
262,rwsjc4125
948,zvalj2778
346,rwsjc4125
200,mftmi0176
553,gouzr6264
401,bgpem2396
134,bgpem2396
48,bgpem2396
954,vpxpr9912
250,muhas8126
275,twslv2264
204,rwsjc4125
482,seoad8070
344,mftmi0176
427,sxpju3904
846,twslv2264
369,zfywi3262
817,iossf9320
37,mftmi0176
181,xzmei7676
384,iossf9320
931,dsrod9642
932,udkvo9961
976,cqtyu6709
691,bgpem2396
975,dsrod9642
497,vpxpr9912
175,bgpem2396
272,mftmi0176
127,zfywi3262
129,iossf9320
386,cqtyu6709
770,zfywi3262
492,bethd9321
611,bethd9321
77,zfywi3262
943,pddye6765
425,twslv2264
482,udkvo9961
816,mftmi0176
282,gouzr6264
662,dsrod9642
581,udkvo9961
326,bethd9321
870,gouzr6264
5,tijio5023
539,vpxpr9912
813,cqtyu6709
262,dsrod9642
914,seoad8070
981,zvalj2778
929,mftmi0176
667,iossf9320
66,twslv2264
525,pddye6765
962,seoad8070
531,mftmi0176
489,rwsjc4125
350,zfywi3262
89,gouzr6264
54,bethd9321
14,vpxpr9912
874,tijio5023
653,iossf9320
233,vpxpr9912
576,dsrod9642
489,muhas8126
939,mftmi0176
105,ovgoz8469
992,gouzr6264
828,rwsjc4125
836,bethd9321
745,gouzr6264
867,tijio5023
412,iossf9320
322,zvalj2778
287,gouzr6264
556,pddye6765
406,sxpju3904
517,iossf9320
981,xzmei7676
856,xzmei7676
659,mftmi0176
713,pddye6765
958,seoad8070
958,sxpju3904
511,sxpju3904
723,zfywi3262
20,twslv2264
436,pddye6765
417,xzmei7676
236,pddye6765
352,gouzr6264
67,ovgoz8469
572,mftmi0176
190,twslv2264
88,seoad8070
507,seoad8070
878,twslv2264
997,iossf9320
814,twslv2264
1000,bethd9321
736,bethd9321
731,iossf9320
184,rwsjc4125
164,zfywi3262
856,gouzr6264
843,gouzr6264
217,seoad8070
438,muhas8126
914,sxpju3904
348,iossf9320
688,seoad8070
859,zvalj2778
994,xzmei7676
831,sxpju3904
186,twslv2264
726,dsrod9642
212,gouzr6264
193,ovgoz8469
375,xzmei7676
665,iossf9320
529,vpxpr9912
881,twslv2264
417,seoad8070
269,twslv2264
488,cqtyu6709
117,ovgoz8469
659,xzmei7676
704,vpxpr9912
233,iossf9320
160,tijio5023
721,muhas8126
480,cqtyu6709
796,seoad8070
425,sxpju3904
206,mftmi0176
478,cqtyu6709
836,muhas8126
371,rwsjc4125
490,sxpju3904
363,gouzr6264
857,bethd9321
277,dsrod9642
967,xzmei7676
167,ovgoz8469
605,ovgoz8469
901,iossf9320
453,pddye6765
530,zfywi3262
353,xzmei7676
651,cqtyu6709
197,twslv2264
128,zvalj2778
704,muhas8126
402,seoad8070
777,pddye6765
554,sxpju3904
158,twslv2264
978,vpxpr9912
338,seoad8070
20,bgpem2396
485,cqtyu6709
518,bethd9321
600,seoad8070
284,bethd9321
237,seoad8070
710,zvalj2778
192,cqtyu6709
342,bgpem2396
711,seoad8070
235,zfywi3262
484,zvalj2778
284,zfywi3262
7,bethd9321
24,twslv2264
468,muhas8126
501,zvalj2778
848,vpxpr9912
641,sxpju3904
430,vpxpr9912
976,xzmei7676
696,zfywi3262
1000,udkvo9961
20,zvalj2778
826,sxpju3904
885,bgpem2396
841,bethd9321
777,rwsjc4125
362,zfywi3262
809,muhas8126
291,gouzr6264
649,bethd9321
891,vpxpr9912
797,twslv2264
463,ovgoz8469
717,gouzr6264
627,bgpem2396
818,ovgoz8469
994,tijio5023
84,bethd9321
768,twslv2264
234,gouzr6264
817,zfywi3262
575,seoad8070
334,rwsjc4125
626,cqtyu6709
313,twslv2264
572,zfywi3262
959,gouzr6264
988,cqtyu6709
248,xzmei7676
592,vpxpr9912
51,cqtyu6709
318,pddye6765
984,muhas8126
425,mftmi0176
746,mftmi0176
803,mftmi0176
853,muhas8126
125,zvalj2778
999,sxpju3904
750,sxpju3904
598,zvalj2778
813,sxpju3904
138,bethd9321
884,rwsjc4125
256,bgpem2396
625,iossf9320
158,sxpju3904
978,cqtyu6709
209,bgpem2396
394,udkvo9961
811,vpxpr9912
9,cqtyu6709
764,zfywi3262
356,rwsjc4125
826,zfywi3262
856,tijio5023
572,bethd9321
937,seoad8070
198,seoad8070
115,vpxpr9912
948,vpxpr9912
973,dsrod9642
248,mftmi0176
125,bgpem2396
727,bgpem2396
116,rwsjc4125
459,sxpju3904
676,dsrod9642
474,cqtyu6709
68,ovgoz8469
177,ovgoz8469
783,zfywi3262
121,ovgoz8469
634,sxpju3904
725,sxpju3904
26,gouzr6264
234,seoad8070
533,vpxpr9912
449,udkvo9961
32,xzmei7676
261,cqtyu6709
801,gouzr6264
668,udkvo9961
266,bethd9321
284,iossf9320
36,ovgoz8469
705,rwsjc4125
25,sxpju3904
984,ovgoz8469
107,udkvo9961
601,twslv2264
725,mftmi0176
391,pddye6765
630,gouzr6264
213,seoad8070
795,muhas8126
291,zvalj2778
397,rwsjc4125
314,zfywi3262
502,twslv2264
105,iossf9320
783,cqtyu6709
586,pddye6765
310,muhas8126
27,ovgoz8469
9,dsrod9642
964,zfywi3262
203,dsrod9642
728,muhas8126
103,twslv2264
575,rwsjc4125
240,bgpem2396
424,zfywi3262
542,tijio5023
818,xzmei7676
49,udkvo9961
22,cqtyu6709
894,muhas8126
204,tijio5023
613,sxpju3904
695,xzmei7676
811,muhas8126
563,udkvo9961
448,zvalj2778
817,rwsjc4125
979,muhas8126
924,udkvo9961
811,cqtyu6709
984,zvalj2778
266,zfywi3262
817,gouzr6264
896,twslv2264
567,zvalj2778
429,cqtyu6709
110,twslv2264
297,xzmei7676
245,iossf9320
592,tijio5023
854,mftmi0176
882,bethd9321
251,pddye6765
274,bgpem2396
387,mftmi0176
241,zfywi3262
888,zvalj2778
634,mftmi0176
37,udkvo9961
441,pddye6765
891,zfywi3262
550,mftmi0176
716,pddye6765
982,udkvo9961
471,twslv2264
891,iossf9320
800,zvalj2778
33,iossf9320
562,ovgoz8469
667,seoad8070
335,rwsjc4125
302,zfywi3262
742,ovgoz8469
318,muhas8126
970,dsrod9642
819,ovgoz8469
194,mftmi0176
171,rwsjc4125
775,pddye6765
919,bgpem2396
198,tijio5023
126,twslv2264
156,vpxpr9912
917,xzmei7676
161,sxpju3904
256,vpxpr9912
70,zvalj2778
801,twslv2264
398,xzmei7676
938,zfywi3262
363,sxpju3904
514,dsrod9642
738,rwsjc4125
56,vpxpr9912
619,bgpem2396
311,zvalj2778
325,pddye6765
116,cqtyu6709
994,ovgoz8469
238,seoad8070
952,bgpem2396
845,cqtyu6709
668,gouzr6264
693,rwsjc4125
228,mftmi0176
176,xzmei7676
325,muhas8126
401,pddye6765
721,zvalj2778
253,ovgoz8469
191,udkvo9961
684,gouzr6264
870,vpxpr9912
713,tijio5023
553,bethd9321
442,twslv2264
16,udkvo9961
583,seoad8070
973,tijio5023
60,udkvo9961
113,rwsjc4125
486,bgpem2396
742,rwsjc4125
61,zfywi3262
377,mftmi0176
633,iossf9320
390,bgpem2396
884,zvalj2778
175,pddye6765
461,ovgoz8469
453,muhas8126
16,dsrod9642
364,mftmi0176
950,tijio5023
306,tijio5023
558,muhas8126
100,ovgoz8469
662,mftmi0176
91,muhas8126
31,bethd9321
169,sxpju3904
464,udkvo9961
675,xzmei7676
798,rwsjc4125
211,dsrod9642
992,zfywi3262
526,tijio5023
660,rwsjc4125
449,vpxpr9912
554,dsrod9642
564,iossf9320
800,sxpju3904
835,sxpju3904
434,dsrod9642
828,iossf9320
692,sxpju3904
841,ovgoz8469
385,iossf9320
549,gouzr6264
779,xzmei7676
804,dsrod9642
464,bethd9321
650,seoad8070
124,bgpem2396
814,bgpem2396
902,bgpem2396
190,tijio5023
495,dsrod9642
19,xzmei7676
491,mftmi0176
878,iossf9320
575,dsrod9642
805,twslv2264
172,zfywi3262
362,gouzr6264
686,iossf9320
924,vpxpr9912
85,iossf9320
163,rwsjc4125
238,zvalj2778
312,bgpem2396
986,pddye6765
760,tijio5023
862,gouzr6264
785,rwsjc4125
674,sxpju3904
962,xzmei7676
805,pddye6765
592,iossf9320
655,ovgoz8469
565,cqtyu6709
256,muhas8126
437,bethd9321
969,pddye6765
238,bethd9321
314,bgpem2396
279,bethd9321
697,mftmi0176
280,gouzr6264
11,twslv2264
431,twslv2264
219,ovgoz8469
110,ovgoz8469
420,iossf9320
136,dsrod9642
780,ovgoz8469
355,gouzr6264
700,zvalj2778
907,rwsjc4125
150,xzmei7676
306,dsrod9642
958,mftmi0176
188,bgpem2396
362,muhas8126
672,rwsjc4125
452,gouzr6264
798,pddye6765
235,bgpem2396
576,rwsjc4125
99,udkvo9961
378,dsrod9642
234,iossf9320
857,iossf9320
503,twslv2264
775,xzmei7676
315,rwsjc4125
955,bgpem2396
619,sxpju3904
71,bethd9321
2,bgpem2396
8,udkvo9961
990,gouzr6264
656,muhas8126
943,mftmi0176
606,sxpju3904
500,twslv2264
768,gouzr6264
79,xzmei7676
796,iossf9320
671,dsrod9642
58,tijio5023
978,muhas8126
915,bethd9321
697,iossf9320
384,pddye6765
89,twslv2264
800,udkvo9961
839,sxpju3904
912,iossf9320
979,mftmi0176
495,zfywi3262
287,zvalj2778
413,ovgoz8469
819,seoad8070
453,seoad8070
130,zvalj2778
285,twslv2264
802,twslv2264
756,zfywi3262
643,tijio5023
704,xzmei7676
141,zvalj2778
786,pddye6765
179,bethd9321
501,twslv2264
452,vpxpr9912
968,iossf9320
98,zvalj2778
185,rwsjc4125
223,xzmei7676
554,twslv2264
528,bgpem2396
252,xzmei7676
253,seoad8070
278,iossf9320
327,zvalj2778
487,ovgoz8469
860,sxpju3904
212,sxpju3904
933,cqtyu6709
292,pddye6765
923,ovgoz8469
643,vpxpr9912
771,zvalj2778
275,vpxpr9912
610,iossf9320
559,iossf9320
367,dsrod9642
579,bethd9321
738,iossf9320
989,seoad8070
785,pddye6765
295,tijio5023
169,bgpem2396
759,zvalj2778
790,udkvo9961
802,zvalj2778
21,iossf9320
694,pddye6765
708,gouzr6264
428,seoad8070
462,twslv2264
142,vpxpr9912
91,vpxpr9912
783,dsrod9642
528,iossf9320
332,xzmei7676
601,tijio5023
225,bgpem2396
699,pddye6765
75,gouzr6264
629,ovgoz8469
854,cqtyu6709
252,mftmi0176
732,zvalj2778
213,bgpem2396
366,rwsjc4125
206,cqtyu6709
178,udkvo9961
251,mftmi0176
598,gouzr6264
286,muhas8126
6,zfywi3262
812,bethd9321
2,iossf9320
381,gouzr6264
154,sxpju3904
960,pddye6765
249,cqtyu6709
420,xzmei7676
120,xzmei7676
716,vpxpr9912
468,mftmi0176
636,mftmi0176
275,mftmi0176
864,twslv2264
428,xzmei7676
910,ovgoz8469
345,zfywi3262
708,twslv2264
892,pddye6765
9,xzmei7676
225,tijio5023
977,mftmi0176
90,bgpem2396
976,bgpem2396
745,bethd9321
766,zvalj2778
359,vpxpr9912
654,vpxpr9912
265,udkvo9961
709,iossf9320
38,muhas8126
460,mftmi0176
536,muhas8126
829,udkvo9961
710,udkvo9961
699,dsrod9642
269,mftmi0176
141,udkvo9961
524,dsrod9642
104,cqtyu6709
33,zfywi3262
605,zfywi3262
831,bgpem2396
800,rwsjc4125
551,zfywi3262
661,xzmei7676
605,bgpem2396
485,bethd9321
24,zfywi3262
125,pddye6765
536,zfywi3262
449,dsrod9642
908,seoad8070
494,sxpju3904
577,twslv2264
802,seoad8070
235,sxpju3904
403,iossf9320
370,dsrod9642
102,muhas8126
544,iossf9320
691,gouzr6264
999,pddye6765
111,zfywi3262
875,dsrod9642
621,ovgoz8469
894,bgpem2396
586,ovgoz8469
413,mftmi0176
452,bgpem2396
207,muhas8126
984,gouzr6264
375,zvalj2778
57,ovgoz8469
252,sxpju3904
448,iossf9320
599,xzmei7676
896,ovgoz8469
690,zfywi3262
321,tijio5023
565,tijio5023
514,pddye6765
462,iossf9320
275,bethd9321
672,seoad8070
710,dsrod9642
210,zvalj2778
307,dsrod9642
674,udkvo9961
858,vpxpr9912
697,zvalj2778
322,bgpem2396
158,tijio5023
480,sxpju3904
661,gouzr6264
832,mftmi0176
624,zvalj2778
893,zfywi3262
315,tijio5023
569,seoad8070
332,muhas8126
186,vpxpr9912
304,udkvo9961
972,bethd9321
155,vpxpr9912
595,muhas8126
107,dsrod9642
724,bgpem2396
542,gouzr6264
611,vpxpr9912
437,vpxpr9912
998,bethd9321
595,bethd9321
693,pddye6765
831,rwsjc4125
226,rwsjc4125
86,rwsjc4125
649,gouzr6264
730,muhas8126
471,mftmi0176
184,zfywi3262
408,vpxpr9912
887,dsrod9642
435,ovgoz8469
636,tijio5023
298,mftmi0176
711,tijio5023
879,ovgoz8469
738,udkvo9961
584,zfywi3262
218,bgpem2396
591,cqtyu6709
427,twslv2264
93,tijio5023
774,vpxpr9912
823,dsrod9642
911,vpxpr9912
430,udkvo9961
384,zfywi3262
301,muhas8126
61,udkvo9961
467,rwsjc4125
300,ovgoz8469
396,sxpju3904
939,pddye6765
213,dsrod9642
915,cqtyu6709
159,bethd9321
444,rwsjc4125
378,cqtyu6709
565,vpxpr9912
543,bgpem2396
902,mftmi0176
918,bethd9321
467,tijio5023
473,bgpem2396
128,vpxpr9912
952,cqtyu6709
105,pddye6765
12,zvalj2778
486,mftmi0176
618,rwsjc4125
943,bgpem2396
818,rwsjc4125
551,gouzr6264
127,dsrod9642
411,twslv2264
356,zfywi3262
713,seoad8070
617,gouzr6264
832,pddye6765
219,gouzr6264
298,udkvo9961
733,mftmi0176
410,muhas8126
834,dsrod9642
48,vpxpr9912
596,vpxpr9912
426,zvalj2778
74,zvalj2778
408,seoad8070
585,vpxpr9912
743,zvalj2778
190,xzmei7676
731,tijio5023
867,bgpem2396
428,zfywi3262
635,ovgoz8469
917,iossf9320
957,tijio5023
419,seoad8070
148,muhas8126
251,gouzr6264
727,rwsjc4125
959,xzmei7676
159,xzmei7676
796,cqtyu6709
136,tijio5023
277,zfywi3262
357,zfywi3262
793,bgpem2396
67,vpxpr9912
627,dsrod9642
241,dsrod9642
201,muhas8126
118,muhas8126
48,bethd9321
269,bgpem2396
272,twslv2264
301,pddye6765
971,rwsjc4125
873,xzmei7676
813,xzmei7676
836,xzmei7676
568,twslv2264
94,iossf9320
322,sxpju3904
238,cqtyu6709
825,mftmi0176
125,zfywi3262
477,bgpem2396
678,muhas8126
807,mftmi0176
519,bethd9321
324,bethd9321
5,cqtyu6709
175,vpxpr9912
956,bethd9321
472,seoad8070
802,tijio5023
625,pddye6765
696,xzmei7676
822,sxpju3904
584,vpxpr9912
480,udkvo9961
170,twslv2264
632,iossf9320
711,iossf9320
29,dsrod9642
424,seoad8070
635,gouzr6264
768,sxpju3904
355,vpxpr9912
762,twslv2264
447,ovgoz8469
379,pddye6765
363,muhas8126
188,muhas8126
932,zfywi3262
711,gouzr6264
987,udkvo9961
800,seoad8070
636,rwsjc4125
532,ovgoz8469
781,xzmei7676
250,cqtyu6709
462,bgpem2396
629,vpxpr9912
275,rwsjc4125
827,seoad8070
615,bgpem2396
210,mftmi0176
570,zvalj2778
504,udkvo9961
874,muhas8126
344,muhas8126
868,iossf9320
502,xzmei7676
344,bethd9321
885,sxpju3904
937,tijio5023
198,twslv2264
89,tijio5023
130,iossf9320
752,tijio5023
813,twslv2264
752,mftmi0176
322,seoad8070
320,zvalj2778
934,ovgoz8469
711,xzmei7676
376,mftmi0176
820,sxpju3904
344,zvalj2778
212,seoad8070
636,gouzr6264
560,mftmi0176
815,muhas8126
337,xzmei7676
917,tijio5023
313,zfywi3262
852,cqtyu6709
470,cqtyu6709
727,twslv2264
738,ovgoz8469
640,mftmi0176
483,mftmi0176
311,sxpju3904
587,seoad8070
849,bethd9321
286,seoad8070
607,ovgoz8469
441,mftmi0176
531,bethd9321
753,vpxpr9912
593,xzmei7676
709,gouzr6264
608,sxpju3904
754,zvalj2778
7,xzmei7676
942,zvalj2778
837,pddye6765
86,udkvo9961
260,udkvo9961
693,mftmi0176
798,bethd9321
697,dsrod9642
538,vpxpr9912
689,bethd9321
456,udkvo9961
605,seoad8070
801,xzmei7676
756,xzmei7676
761,iossf9320
943,twslv2264
560,muhas8126
132,zfywi3262
556,xzmei7676
359,rwsjc4125
96,tijio5023
974,gouzr6264
955,pddye6765
528,rwsjc4125
356,dsrod9642
271,tijio5023
514,gouzr6264
123,udkvo9961
884,gouzr6264
569,iossf9320
760,bgpem2396
400,ovgoz8469
198,sxpju3904
239,mftmi0176
30,vpxpr9912
180,iossf9320
352,udkvo9961
75,xzmei7676
386,bethd9321
895,muhas8126
260,rwsjc4125
158,pddye6765
482,dsrod9642
771,mftmi0176
87,dsrod9642
60,mftmi0176
116,ovgoz8469
220,mftmi0176
454,bethd9321
610,pddye6765
95,vpxpr9912
96,bethd9321
157,zfywi3262
668,zfywi3262
637,udkvo9961
436,xzmei7676
290,iossf9320
844,pddye6765
20,sxpju3904
825,dsrod9642
825,vpxpr9912
654,zfywi3262
437,muhas8126
822,iossf9320
238,gouzr6264
735,twslv2264
65,muhas8126
627,zfywi3262
882,vpxpr9912
131,udkvo9961
203,vpxpr9912
721,vpxpr9912
927,vpxpr9912
49,muhas8126
446,udkvo9961
607,vpxpr9912
237,vpxpr9912
624,mftmi0176
20,mftmi0176
586,dsrod9642
183,tijio5023
763,xzmei7676
70,seoad8070
281,cqtyu6709
982,gouzr6264
223,dsrod9642
374,zvalj2778
992,sxpju3904
387,udkvo9961
345,muhas8126
67,xzmei7676
707,muhas8126
894,gouzr6264
60,rwsjc4125
420,ovgoz8469
289,zfywi3262
573,twslv2264
158,mftmi0176
522,sxpju3904
403,twslv2264
156,gouzr6264
547,bgpem2396
448,seoad8070
183,cqtyu6709
537,gouzr6264
291,ovgoz8469
9,mftmi0176
546,vpxpr9912
965,gouzr6264
671,twslv2264
700,tijio5023
102,vpxpr9912
961,dsrod9642
170,bethd9321
806,bgpem2396
657,bethd9321
738,mftmi0176
390,zfywi3262
353,sxpju3904
360,ovgoz8469
693,udkvo9961
498,sxpju3904
546,xzmei7676
556,mftmi0176
347,muhas8126
543,tijio5023
568,zvalj2778
327,twslv2264
12,gouzr6264
850,bethd9321
185,sxpju3904
639,bgpem2396
639,rwsjc4125
826,xzmei7676
497,muhas8126
950,mftmi0176
997,gouzr6264
50,udkvo9961
949,twslv2264
610,twslv2264
496,dsrod9642
304,dsrod9642
427,bgpem2396
566,twslv2264
932,rwsjc4125
366,seoad8070
587,gouzr6264
772,iossf9320
923,pddye6765
785,cqtyu6709
292,zfywi3262
563,bethd9321
432,bethd9321
673,bgpem2396
110,cqtyu6709
141,gouzr6264
860,udkvo9961
997,dsrod9642
971,dsrod9642
913,tijio5023
18,bethd9321
57,zvalj2778
648,ovgoz8469
822,vpxpr9912
786,vpxpr9912
636,muhas8126
418,zvalj2778
145,ovgoz8469
735,udkvo9961
584,iossf9320
60,zvalj2778
79,pddye6765
981,seoad8070
826,iossf9320
862,cqtyu6709
34,zfywi3262
876,xzmei7676
458,dsrod9642
940,sxpju3904
808,bgpem2396
785,ovgoz8469
777,cqtyu6709
373,zfywi3262
316,zvalj2778
932,pddye6765
461,zfywi3262
207,ovgoz8469
469,iossf9320
580,twslv2264
995,pddye6765
844,dsrod9642
860,cqtyu6709
161,xzmei7676
621,bgpem2396
348,tijio5023
652,zvalj2778
340,rwsjc4125
995,seoad8070
755,mftmi0176
32,zfywi3262
443,twslv2264
640,zvalj2778
408,ovgoz8469
12,bethd9321
452,mftmi0176
65,tijio5023
286,pddye6765
541,ovgoz8469
187,xzmei7676
634,muhas8126
336,iossf9320
100,muhas8126
718,zfywi3262
953,zvalj2778
637,bgpem2396
182,ovgoz8469
76,zfywi3262
844,bgpem2396
23,seoad8070
740,muhas8126
528,udkvo9961
579,cqtyu6709
368,bgpem2396
719,gouzr6264
985,iossf9320
870,seoad8070
614,udkvo9961
770,xzmei7676
198,muhas8126
538,bethd9321
971,tijio5023
725,bethd9321
998,udkvo9961
495,cqtyu6709
803,twslv2264
265,rwsjc4125
885,mftmi0176
656,udkvo9961
793,pddye6765
643,cqtyu6709