id,password,username,nickname
gouzr6264,5f16b83d2634820471b7613765d02c73e2626976bb6b0c47b77bef1eed6edbf6ebcc389cfc3151fe3995ef99850547521e2411090a65de5fb091301e98548bb3,김민준,미누
xzmei7676,6d0aed65f2798538ca18a5f726c7f902c42813eec89e4a434a339abd67596858751ce5d21784caf6211b8f4e411d3a09c580e2e7fa2f8d941a2471843782697c,이서준,서쭌
muhas8126,decea83adfe4e86e0eaeaf3e80e5209183e9f9146eedbafd7e91844689c269b53cdc96edd2b9a5ea9aea4c25d6d99ef91981055be814a99144be2294fbdc0100,박예은,예니
udkvo9961,6915cb7dc87c28c348fb9760422c9c56dfd9a244f8662999e1b453012334b31046bc0d1ee72bdddc26034ea7f808c85fd92e4800e1e20b17f5026820c3b0fe1e,최지우,지지
tijio5023,07d9c28c33ebafedd15a4dd7bae1747a92fc9760fd48d1f49d66c049b757ae6face47e41c5aec869b01afa212ab0919c08d3b72ec54100e54cf75dfbe3889071,정하늘,하니
twslv2264,1589ac4ed5360bf98f17ac21f51a2695f133897258e4c3d6305a2a774face81ac7eb4d5a809ee645797cd66ec208a204a6ccf836448ef8c40efcc9df354db2aa,강다현,다다
mftmi0176,4bfc17fbc5f190bf01acbc59cff411baf758fdda03db68953ee2289e604f6378672d944c6ae7b15f6f7607dceaba39579cde8c9f68c0e96dc89eb2b6738822ad,윤지성,지성이
zfywi3262,d7c19ef2dfc3c7bf1a8cdb4a06b47d62b515234866c163d1c3faa450d9d272b65db29c87ed8d8a3458bbefbd88f8b28e8094b94509baac3153c703340849bfb5,배수현,수수
seoad8070,5c856cfea1048ae1bbf6a66e5ad27aed4eb27f2cfde75a406a2b781c865008e340ff299ba872c8c02add96a51a62584e81492eca40403c384d04c22e83fc4c2d,오태경,태태
zvalj2778,b0f8a398151bb4afb99f5e3c97168d7e45270483ecec884d01e7cb4075b87eb900facbcb3a779af13db2d5c5e1a29f2516e21ef2e222336a8ca543f0194caee8,임나영,나나
vpxpr9912,83a8e4345944aa849f4e6114022ff3f3741e14ceafd314f72d8c2424affe77ff38d21e50b4a69b5dcedbb6ae95ecee58cda49ce59815936bc373f10c3cde1375,한도훈,도니
bgpem2396,0f5f49bda7341f9a293e363714bf14d0b6fb8a2fd95db1ba423ad7054e92efe02fa63a9fb3ab160fe7d3fc07b8d3f7c33cd8b89b9c1d7ad8790b30a1d1c11b55,조민지,민지
cqtyu6709,52e0ff9798c0d6c702c771aa327be8fc887acd41875a2de7d3a2fb1898bf561e7e00a521cedf15fd2c7230d80c3768f20c43d93f40491884d1df6d831457a359,문주호,주호
rwsjc4125,980a448e44ab5496bf1ffb23ab97dc433c2bd0a2f52fc7ed5fb0c87d0936f455f4895315ed532373f08c427c7eab4bd729a02fc034da0ac62120841570aa5564,서윤아,윤아
ovgoz8469,ae383d7228dfc2c0882014c01f977a2969ff0cfc2c62f819c2554c39e27b295e8c0e125f275c1a9f5f5e3b6204521d219e1a6b4ce8f263252edff828f1db3f7b,유가희,가희
bethd9321,16f69b6e87ac5c9f3c15310cbef0954f8096168fd316274ddfa6b4ddd9c655b311646aa817bcd0cc12db8f581b4ee4ea707a86a75fdaec9d21bca4c4ae7d42eb,신도영,도영
pddye6765,da5ce4f6b7b381d7be39ba1cb8651318f753b497df5760c24365354e790dd53d6fd416a442c7aa6205390c2c79e1a2f9e127713197e83de2fe27131738829a03,차유진,유진
sxpju3904,36b5ae427048b49608aa5fd3537f4aa7a553227e98326aa63d3415b15bfc57ae9a9416c76373b7f859431a4d655af712376bf2c2c20b7da74906917b513ad852,백성민,성민
dsrod9642,dc2603e2bba7ef3603f51d79f6abfe127cb6d8e3e18c39b727b2632742f4f2dcb0c9b5f3d3f68be7236a78a68c2646feb66fb3fa59130ccb16691094c3fc8991,황동욱,동욱
iossf9320,a06790c215fd11f5e69c07ff599530fea6ab0c386455c09286dbe24f04320a6fe1684fb9fd256deb43d33edc3a02091aba8c4a6c2c61c2f6a7c94a7c496d2be7,장희수,희수